date,ot,open,high,low,close,vol,ct,qv,tr,tbv,tbqv,ign,ma20,ma200,signal,vol_ma7
2023-08-14,1691971200000,29303.85,29695.32,29102.45,29430.93,31443.11532,1692057599999,924613476.68179900,671592,15036.11048000,442247506.16738440,0,,,0,
2023-08-15,1692057600000,29430.92,29499.26,29059.6,29200.0,27503.87691,1692143999999,806683957.31001560,591162,12751.63951000,374046205.25905360,0,,,0,
2023-08-16,1692144000000,29200.01,29259.85,28723.08,28730.51,32996.69854,1692230399999,959870747.00631420,768028,14761.86053000,429510396.42982370,0,,,0,
2023-08-17,1692230400000,28730.51,28783.48,25166.0,26623.41,100271.54033,1692316799999,2755821274.34060490,1976577,47495.99471000,1302553963.31062280,0,,,0,
2023-08-18,1692316800000,26623.41,26832.6,25619.0,26054.0,69790.65711,1692403199999,1834219523.69940400,1293122,33522.24573000,881095856.19440350,0,,,0,
2023-08-19,1692403200000,26054.0,26281.0,25801.09,26100.01,26160.75343,1692489599999,680623880.82475540,615764,12952.29598000,337010159.81151820,0,,,0,
2023-08-20,1692489600000,26100.01,26299.0,25971.05,26189.99,19056.91209,1692575999999,497880752.23011580,451543,9909.12930000,258890029.08250630,0,,,0,43889.07910428571
2023-08-21,1692576000000,26190.0,26258.42,25812.0,26126.92,30267.24233,1692662399999,788205156.32159240,565987,14052.07264000,365942107.34064460,0,,,0,43721.09724857144
2023-08-22,1692662400000,26126.92,26139.42,25300.0,26056.0,34247.06688,1692748799999,886782344.16029290,603624,16436.92888000,425661908.61497380,0,,,0,44684.41010142858
2023-08-23,1692748800000,26055.99,26819.27,25812.82,26432.72,44023.69978,1692835199999,1156326251.92241100,673711,21955.66524000,576734438.29540010,0,,,0,46259.695992857145
2023-08-24,1692835200000,26432.71,26577.87,25864.0,26180.05,30205.22116,1692921599999,792966965.89826580,575619,13987.93493000,367233375.41684340,0,,,0,36250.22182571429
2023-08-25,1692921600000,26180.05,26314.05,25777.15,26060.01,27753.33772,1693007999999,722611079.18980740,611438,13258.65894000,345214226.91825400,0,,,0,30244.890484285716
2023-08-26,1693008000000,26060.0,26125.77,25985.92,26017.37,10022.22322,1693094399999,261041530.47580380,329412,4681.90628000,121952627.59767490,0,,,0,27939.386168571426
2023-08-27,1693094400000,26017.38,26182.23,25966.11,26101.77,12099.64216,1693180799999,315548363.01937760,349090,6170.48664000,160918200.39360970,0,,,0,26945.490464285715
2023-08-28,1693180800000,26101.78,26253.99,25864.5,26120.0,22692.62655,1693267199999,591008939.17657000,523057,10912.40549000,284226173.79343950,0,,,0,25863.402495714286
2023-08-29,1693267200000,26120.0,28142.85,25922.0,27716.34,74251.99488,1693353599999,2023326050.75847910,1137083,37945.55071000,1034244032.38146630,0,,,0,31578.39221
2023-08-30,1693353600000,27716.34,27768.57,27017.24,27299.99,35448.25848,1693439999999,969086451.16252570,690292,16715.57712000,456926409.72973200,0,,,0,30353.329167142856
2023-08-31,1693440000000,27299.99,27587.51,25655.01,25940.78,51032.80401,1693526399999,1360373186.01167090,944690,24598.11397000,655707233.88490080,0,,,0,33328.69814571429
2023-09-01,1693526400000,25940.77,26156.0,25333.75,25805.05,41032.15056,1693612799999,1059444591.70974940,881179,19960.99030000,515429946.18317240,0,,,0,35225.67140857143
2023-09-02,1693612800000,25805.04,25987.5,25752.47,25869.51,16250.77698,1693699199999,419812969.94685980,567728,7634.91416000,197234437.02204840,0,26702.768,,0,36115.46480285715
2023-09-03,1693699200000,25869.52,26135.0,25800.0,25971.21,17474.47667,1693785599999,453100690.10210770,496412,8583.16498000,222581536.02684670,0,26529.782,,0,36883.298304285716
2023-09-04,1693785600000,25971.21,26108.02,25631.21,25826.02,21777.59609,1693871999999,563532890.56999930,596830,10177.36860000,263365883.42955560,0,26361.083000000002,,0,36752.57966714286
2023-09-05,1693872000000,25826.03,25915.49,25562.62,25792.1,21323.39337,1693958399999,548893707.60020050,566736,9926.65838000,255537038.46609570,0,26214.1625,,0,29191.35088
2023-09-06,1693958400000,25792.11,26040.0,25372.51,25759.95,27262.52386,1694044799999,700763180.80116770,636302,12736.70564000,327416444.78409590,0,26170.989500000003,,0,28021.96022
2023-09-07,1694044800000,25759.95,26443.14,25615.38,26255.0,27687.49567,1694131199999,718923008.90711830,631929,13506.19156000,350741324.29203730,0,26181.039500000003,,0,24686.91617142857
2023-09-08,1694131200000,26255.0,26445.5,25647.26,25910.5,28999.76471,1694217599999,754184537.10969230,646852,14238.89945000,370236844.43140760,0,26171.564000000002,,0,22968.00390714286
2023-09-09,1694217600000,25910.5,25945.09,25796.64,25901.61,10980.62277,1694303999999,284109473.80757830,359038,5212.44349000,134863388.76288590,0,26157.145,,0,22215.124734285717
2023-09-10,1694304000000,25901.6,26033.66,25570.57,25841.61,18738.26914,1694390399999,483577459.20553450,489773,8747.51072000,225752901.04035010,0,26142.8795,,0,22395.66651571429
2023-09-11,1694390400000,25841.6,25900.69,24901.0,25162.52,41682.32,1694476799999,1057371884.66970660,864138,19664.90243000,498821645.38522220,0,26098.2055,,0,25239.198502857143
2023-09-12,1694476800000,25162.53,26567.0,25131.48,25840.1,56434.38537,1694563199999,1464393036.96166230,1047056,27720.51830000,719147319.97870640,0,26068.5745,,0,30255.054502857143
2023-09-13,1694563200000,25840.1,26405.22,25764.17,26222.0,31610.82753,1694649599999,825437881.46875910,714880,15287.00038000,399099781.62076480,0,26070.672,,0,30876.240741428574
2023-09-14,1694649600000,26222.0,26860.49,26126.77,26522.73,38333.1725,1694735999999,1015267319.77302260,799278,19440.45467000,514863794.37838940,0,26093.808,,0,32397.05171714286
2023-09-15,1694736000000,26522.73,26888.0,26224.0,26600.0,26227.29369,1694822399999,695203258.00044450,654094,12600.39115000,334045930.76672120,0,26122.9395,,0,32000.984428571428
2023-09-16,1694822400000,26599.99,26777.0,26445.0,26559.67,13960.93351,1694908799999,370889866.45927350,526416,6508.91352000,172926781.38884230,0,26145.8345,,0,32426.74310571429
2023-09-17,1694908800000,26559.67,26623.25,26399.0,26527.51,12998.10277,1694995199999,344703727.56010710,476775,6359.89459000,168675580.01646300,0,26166.21,,0,31606.719338571427
2023-09-18,1694995200000,26527.5,27409.0,26377.35,26762.51,43000.43256,1695081599999,1158780347.62530490,938705,21551.71605000,580912488.75943090,0,26118.5185,,0,31795.021132857142
2023-09-19,1695081600000,26762.5,27483.57,26667.79,27210.26,36190.52187,1695167999999,981539255.55962000,898076,17851.15558000,484061308.12493300,0,26114.032,,0,28903.040632857144
2023-09-20,1695168000000,27210.25,27388.63,26800.0,27125.0,34207.21867,1695254399999,927206075.96262730,867288,16983.43086000,460402346.17078340,0,26173.243,,0,29273.95365285714
2023-09-21,1695254400000,27125.01,27159.6,26377.7,26568.08,34476.82662,1695340799999,920768143.35131270,823416,16878.78202000,450738363.85069850,0,26211.394500000002,,0,28723.047098571427
2023-09-22,1695340800000,26568.08,26743.38,26468.77,26580.14,18198.2292,1695427199999,484331618.94853190,567149,8484.09679000,225805692.72356930,0,26246.926,,0,27576.037885714286
2023-09-23,1695427200000,26580.14,26632.81,26509.0,26575.96,9440.7026,1695513599999,250873957.38867380,421717,4387.19730000,116581214.13013300,0,26277.163500000002,,0,26930.29061285714
2023-09-24,1695513600000,26575.97,26738.54,26122.08,26248.38,15706.65771,1695599999999,416368301.37368480,545045,7547.06342000,200078452.01675770,0,26298.2815,,0,27317.22703285714
2023-09-25,1695600000000,26248.39,26446.15,25990.46,26304.81,26266.2039,1695686399999,688252596.38099440,873488,12654.58207000,331622453.15180550,0,26323.916999999998,,0,24926.622938571432
2023-09-26,1695686400000,26304.8,26397.46,26088.34,26221.67,18495.35066,1695772799999,485217905.04210480,697727,8813.76144000,231246870.54745880,0,26347.002999999997,,0,22398.74133714286
2023-09-27,1695772800000,26221.68,26850.0,26112.06,26372.99,34771.57978,1695859199999,918797815.04848100,939690,16813.75506000,444221386.42614100,0,26352.902499999997,,0,22479.364352857145
2023-09-28,1695859200000,26373.0,27308.48,26342.4,27021.39,44517.83491,1695945599999,1193420040.13091850,1158974,22463.19242000,602340703.60150620,0,26408.446999999996,,0,23913.794108571426
2023-09-29,1695945600000,27021.39,27244.89,26665.16,26906.96,28478.76219,1696031999999,767827314.93190890,878610,14409.35554000,388591243.25915250,0,26458.714500000002,,0,25382.441678571427
2023-09-30,1696032000000,26906.96,27094.99,26886.31,26962.56,12804.62307,1696118399999,345406056.68069530,534908,6221.24272000,167818583.05995750,0,26514.762,,0,25863.001745714286
2023-10-01,1696118400000,26962.57,28065.51,26954.09,27992.57,24602.81468,1696204799999,674657121.99442040,883593,12815.98694000,351622961.47012740,0,26656.2645,,0,27133.881312857146
2023-10-02,1696204800000,27992.58,28580.0,27281.44,27494.51,57071.14241,1696291199999,1600944483.49020640,1464158,28423.61000000,797598852.47977820,0,26738.984999999997,,0,31534.586814285714
2023-10-03,1696291200000,27494.51,27676.52,27160.5,27426.46,28928.96555,1696377599999,794301815.42650200,1202377,13562.03527000,372402100.79675110,0,26799.208000000002,,0,33025.103227142856
2023-10-04,1696377600000,27426.45,27839.72,27202.0,27778.57,29816.142,1696463999999,820421385.25578530,1188381,15077.70185000,414806576.34840140,0,26862.0,,0,32317.183544285712
2023-10-05,1696464000000,27778.57,28120.39,27352.0,27410.39,30681.49619,1696550399999,849415594.04725040,1210397,14985.99405000,415039706.58664760,0,26902.519500000002,,0,30340.56372714286
2023-10-06,1696550400000,27410.39,28295.0,27175.94,27931.09,37983.24277,1696636799999,1052864393.81761350,1326700,19091.24006000,529241188.55736900,0,26971.0905,,0,31698.346667142858
2023-10-07,1696636800000,27931.1,28029.67,27842.08,27956.67,13348.83825,1696723199999,372820279.52314300,641623,6392.35089000,178534947.77878390,0,27042.548499999997,,0,31776.091692857146
2023-10-08,1696723200000,27956.67,28095.14,27687.5,27917.05,19693.56921,1696809599999,549839951.48008110,822730,9216.08271000,257333249.53307720,0,27100.2755,,0,31074.77091142857
2023-10-09,1696809600000,27917.06,27987.93,27260.0,27590.12,31534.74639,1696895999999,870014634.36216090,1156525,15077.43003000,415887241.10445000,0,27119.2685,,0,27426.714337142857
2023-10-10,1696896000000,27590.12,27735.0,27298.0,27390.12,22776.84383,1696982399999,626258724.27757830,1002272,10851.22317000,298354384.69814990,0,27132.5245,,0,26547.839805714288
2023-10-11,1696982400000,27390.12,27477.39,26538.66,26875.52,37349.44706,1697068799999,1007065585.93464060,1336479,17460.07740000,470620209.78574460,0,27147.896499999995,,0,27624.02624285714
2023-10-12,1697068800000,26875.52,26947.04,26555.0,26759.63,23428.64112,1697155199999,626909068.38687170,1066082,11128.85943000,297794983.54123170,0,27156.870999999996,,0,26587.90409
2023-10-13,1697155200000,26759.63,27130.0,26685.0,26862.0,24115.76499,1697241599999,647553796.35806620,1035322,11209.65389000,301049285.74229300,0,27171.173,,0,24606.835835714282
2023-10-14,1697241600000,26862.0,26989.58,26789.0,26852.48,10417.25576,1697327999999,280059019.05340130,517837,4378.85219000,117730324.81867290,0,27201.378000000004,,0,24188.038337142858
2023-10-15,1697328000000,26852.48,27293.33,26808.25,27154.15,15274.6917,1697414399999,412673965.34393480,682942,7802.69243000,210833694.13443270,0,27243.845,,0,23556.77012142857
2023-10-16,1697414400000,27154.14,30000.0,27112.66,28500.78,78399.22445,1697500799999,2210785548.23609620,2289339,40738.04173000,1148700588.67933450,0,27357.8005,,0,30251.695558571428
2023-10-17,1697500800000,28500.77,28613.65,28069.32,28395.91,38428.44532,1697587199999,1090741746.48308740,1345810,18994.06799000,539218488.34158590,0,27458.9465,,0,32487.63862857143
2023-10-18,1697587200000,28395.91,28982.36,28142.87,28320.0,32162.47591,1697673599999,914773525.15275810,1215235,15590.14442000,443515753.81707720,0,27523.876999999997,,0,31746.642750000003
2023-10-19,1697673600000,28320.0,28916.89,28100.66,28713.71,35895.50179,1697759999999,1023984017.03227880,1330256,18427.23743000,525695852.56325010,0,27614.214500000002,,0,33527.622845714286
2023-10-20,1697760000000,28713.71,30207.55,28578.29,29669.04,59422.0992,1697846399999,1753411192.55109090,1915748,29466.75927000,869634841.32812210,0,27749.538499999995,,0,38571.38487571429
2023-10-21,1697846400000,29669.05,30379.99,29464.77,29909.8,27517.51897,1697932799999,821964508.43536290,1152137,13836.12444000,413323530.34217960,0,27845.4,,0,41014.27962
2023-10-22,1697932800000,29909.8,30248.0,29640.0,29992.46,22852.54563,1698019199999,683854827.89693230,1008299,11161.46844000,334011129.23149610,0,27970.297499999997,,0,42096.83018142857
2023-10-23,1698019200000,29992.46,34741.91,29883.6,33069.99,93513.64246,1698105599999,2941620022.86518770,2839938,47839.23087000,1505815243.56769950,0,28252.474,,0,44256.03275428571
2023-10-24,1698105600000,33069.99,35280.0,32832.34,33922.73,115265.02418,1698191999999,3933194868.16119640,2850160,57409.31981000,1959449469.46579320,0,28559.682,,0,55232.686877142856
2023-10-25,1698192000000,33922.73,35132.85,33679.05,34496.05,54887.02529,1698278399999,1888210825.60638280,1643976,26150.50377000,900236395.37262640,0,28913.964999999997,,0,58479.051074285715
2023-10-26,1698278400000,34496.05,34824.13,33751.0,34151.66,39744.66255,1698364799999,1363077907.10911990,1382785,18528.43061000,635547858.49281820,0,29224.9935,,0,59028.931182857144
2023-10-27,1698364800000,34151.66,34245.0,33390.95,33892.02,32330.40106,1698451199999,1096889423.41984200,1112240,14310.32429000,485405697.92440140,0,29521.761000000006,,0,55158.688591428574
2023-10-28,1698451200000,33892.01,34493.33,33860.0,34081.0,16880.13144,1698537599999,575936523.34735300,607438,8313.30759000,283656619.58636190,0,29829.9585,,0,53639.061801428565
2023-10-29,1698537600000,34081.01,34750.11,33930.0,34525.89,20685.52176,1698623999999,711652985.17909640,717480,10053.96096000,345933681.79684670,0,30176.747000000003,,0,53329.48696285714
2023-10-30,1698624000000,34525.88,34856.0,34062.84,34474.73,33657.95976,1698710399999,1159771907.64210540,1117727,15237.56781000,525162190.53711940,0,30530.9775,,0,44778.67514857143
2023-10-31,1698710400000,34474.74,34720.49,34025.0,34639.77,32737.89822,1698796799999,1125442444.48848820,1179053,15843.79500000,544722903.49684810,0,30919.190000000002,,0,32989.085725714285
2023-11-01,1698796800000,34639.78,35582.0,34097.39,35421.43,53473.28165,1698883199999,1856348820.47945360,1624635,25779.00290000,895387891.46766650,0,31352.28,,0,32787.12234857143
2023-11-02,1698883200000,35421.43,35984.99,34300.0,34941.59,48015.57732,1698969599999,1686141698.09217100,1450837,23303.35350000,818365718.95493110,0,31756.259499999996,,0,33968.681601428565
2023-11-03,1698969600000,34941.58,34946.5,34120.0,34716.78,39071.20644,1699055999999,1347962831.56586230,1237373,19168.85669000,661176167.77493460,0,32149.4745,,0,34931.65379857143
2023-11-04,1699056000000,34716.78,35255.0,34585.18,35062.07,18377.55545,1699142399999,639958598.41983530,794787,9229.16649000,321479754.91729340,0,32544.8705,,0,35145.57151428571
2023-11-05,1699142400000,35062.06,35380.0,34448.0,35011.88,24528.73376,1699228799999,859350974.00148930,1038468,11870.33193000,415912075.90000270,0,32870.4255,,0,35694.6018
2023-11-06,1699228800000,35011.89,35276.33,34725.9,35046.09,22346.47086,1699315199999,782427702.26532050,988246,10770.27727000,377126281.15309060,0,33202.9345,,0,34078.67481428571
2023-11-07,1699315200000,35046.09,35888.0,34523.06,35399.12,38688.73692,1699401599999,1358031361.19785270,1352796,19375.26868000,680382009.65994160,0,33556.8905,,0,34928.79462857143
2023-11-08,1699401600000,35399.13,36106.0,35100.0,35624.72,33401.34137,1699487999999,1185492160.49272780,1132568,17192.82450000,610314635.37988970,0,33902.441,,0,32061.374588571427
2023-11-09,1699488000000,35624.72,37972.24,35534.05,36701.09,82537.88885,1699574399999,3033417922.78268170,2138765,42156.81236000,1550254981.04518770,0,34254.0435,,0,36993.13337857143
2023-11-10,1699574400000,36701.1,37526.0,36324.71,37301.63,43414.04898,1699660799999,1605069174.52410320,1297729,21388.56879000,790671818.76836700,0,34623.634999999995,,0,37613.539455714286
2023-11-11,1699660800000,37301.63,37408.26,36666.93,37130.0,22984.97235,1699747199999,851924612.73394270,923300,10728.65792000,397673179.66791970,0,34980.512,,0,38271.741870000005
2023-11-12,1699747200000,37129.99,37222.22,36731.1,37064.13,17687.18874,1699833599999,655570813.13827110,810885,8506.46051000,315285367.54474800,0,35180.219,,0,37294.37829571429
2023-11-13,1699833600000,37064.13,37417.99,36333.0,36462.93,32798.18252,1699919999999,1208037462.30414440,1217191,15442.44512000,568916594.91131740,0,35307.229,,0,38787.47996142857
2023-11-14,1699920000000,36462.93,36744.0,34800.0,35551.19,45503.68416,1700006399999,1639130785.08681010,1404428,21205.18615000,763841642.88087800,0,35359.986,,0,39761.04385285715
2023-11-15,1700006400000,35551.2,37980.0,35360.0,37858.2,53569.13385,1700092799999,1963249656.50947370,1545427,28142.14240000,1031669501.99342080,0,35545.313,,0,42642.15706428572
2023-11-16,1700092800000,37858.2,37929.54,35500.0,36163.51,47490.39566,1700179199999,1744503339.01517260,1542446,22214.04928000,815932555.13312680,0,35658.8875,,0,37635.37232285715
2023-11-17,1700179200000,36163.51,36800.0,35861.1,36613.92,38283.61112,1700265599999,1391225051.19232720,1349322,18403.36411000,668865883.14174650,0,35785.5335,,0,36902.45262857143
2023-11-18,1700265600000,36613.91,36845.49,36178.58,36568.1,17102.24186,1700351999999,624434069.52566340,784498,8101.54756000,295795105.43003230,0,35887.64399999999,,0,36062.06255857143
2023-11-19,1700352000000,36568.11,37500.0,36384.02,37359.86,21246.34648,1700438399999,781531839.43715920,862400,10575.25293000,389089868.80634200,0,36031.9005,,0,36570.51366428572
2023-11-20,1700438400000,37359.85,37750.0,36677.0,37448.78,36022.70291,1700524799999,1343722642.38647510,1485050,17591.22652000,656245983.73971830,0,36172.350999999995,,0,37031.15943428571
2023-11-21,1700524800000,37448.79,37649.44,35735.0,35741.65,47646.54804,1700611199999,1756747495.98185460,1936895,22371.42068000,824920009.55786000,0,36188.362,,0,37337.28284571428
2023-11-22,1700611200000,35741.65,37861.1,35632.01,37408.34,45051.30697,1700697599999,1657141022.42734800,1648374,23046.71174000,847145468.32595360,0,36311.6995,,0,36120.45043428572
2023-11-23,1700697600000,37408.35,37653.44,36870.0,37294.28,23827.92882,1700783999999,888826648.85414730,992284,11086.35132000,413539343.94482050,0,36440.5745,,0,32740.09802857143
2023-11-24,1700784000000,37294.27,38414.0,37251.51,37713.57,44680.80646,1700870399999,1688715728.07914810,1379414,22349.17236000,844803081.63218240,0,36573.1495,,0,33653.98307714285
2023-11-25,1700870400000,37713.57,37888.0,37591.1,37780.67,11396.14464,1700956799999,430165251.76097490,569448,5153.91116000,194536221.28509410,0,36711.58899999999,,0,32838.82633142857
2023-11-26,1700956800000,37780.67,37814.63,37150.0,37447.43,21264.53723,1701043199999,797321193.58939910,848020,10204.51641000,382571274.04607820,0,36831.656,,0,32841.42501
2023-11-27,1701043200000,37447.42,37569.23,36707.0,37242.7,30001.07376,1701129599999,1112557435.27679220,1238017,14458.63822000,536129095.56684420,0,36923.835,,0,31981.192274285713
2023-11-28,1701129600000,37242.7,38377.0,36868.41,37818.87,37544.46667,1701215999999,1414360251.68234560,1272779,18168.56198000,684514270.93887170,0,37033.542499999996,,0,30538.037792857147
2023-11-29,1701216000000,37818.88,38450.0,37570.0,37854.64,32994.19107,1701302399999,1252586505.66259010,1131353,15588.96473000,591917955.47439680,0,37091.22,,0,28815.592664285712
2023-11-30,1701302400000,37854.65,38145.85,37500.0,37723.96,24740.29147,1701388799999,934491058.96081410,1007791,11484.45424000,433772722.50456340,0,37112.3365,,0,28945.93018571429
2023-12-01,1701388800000,37723.97,38999.0,37615.86,38682.52,43415.66324,1701475199999,1669750777.62398140,1523417,22408.27301000,861977420.16319520,0,37189.9625,,0,28765.195440000003
2023-12-02,1701475200000,38682.51,39717.14,38641.61,39450.35,26696.92161,1701561599999,1043421976.76606520,1034690,13166.65386000,514763687.57460090,0,37309.273499999996,,0,30951.02072142857
2023-12-03,1701561600000,39450.35,40250.0,39274.86,39972.26,26710.65335,1701647999999,1059860641.04944440,1151524,13333.29632000,529259227.16750920,0,37484.74,,0,31729.037310000003
2023-12-04,1701648000000,39972.26,42420.0,39972.26,41991.1,79272.33059,1701734399999,3285736844.14088080,2112219,38595.61905000,1599710862.08717670,0,37806.735499999995,,0,38767.78828571429
2023-12-05,1701734400000,41991.1,44488.0,41414.0,44073.32,67490.74644,1701820799999,2890205389.49012660,2072700,34815.80813000,1491813847.23896810,0,38117.4915,,0,43045.82825285714
2023-12-06,1701820800000,44073.82,44297.21,43335.28,43762.69,51431.10492,1701907199999,2256979505.59480470,1876282,25092.62492000,1101273363.08642960,0,38497.45049999999,,0,45679.67308857143
2023-12-07,1701907200000,43762.69,44047.33,42821.1,43273.14,47103.26845,1701993599999,2046945851.88364460,1414759,22635.67672000,983629776.49386140,0,38830.4115,,0,48874.384085714286
2023-12-08,1701993600000,43273.15,44700.0,43081.1,44170.99,42900.37556,1702079999999,1875581755.44691050,1311268,20818.67861000,910357262.89407300,0,39210.556,,0,48800.77156
2023-12-09,1702080000000,44171.0,44358.02,43584.51,43713.6,24925.97008,1702166399999,1096487106.56483380,987352,11598.00774000,510255993.86808590,0,39528.243,,0,48547.77848428571
2023-12-10,1702166400000,43713.59,44049.0,43563.0,43789.51,18956.61758,1702252799999,830485162.55695350,830667,8841.90643000,387376075.38248430,0,39845.279500000004,,0,47440.05908857143
2023-12-11,1702252800000,43789.5,43804.5,40222.0,41253.4,76663.89804,1702339199999,3205540835.51143390,2087142,36499.24269000,1525642878.15210340,0,40120.867,,0,47067.425867142854
2023-12-12,1702339200000,41253.41,42104.12,40680.0,41492.39,42722.69773,1702425599999,1773961284.33756360,1526411,21394.91158000,888438328.89153460,0,40325.0695,,0,43529.133194285714
2023-12-13,1702425600000,41492.38,43475.2,40555.0,42869.03,45865.99773,1702511999999,1919703389.48488040,1724659,22354.97386000,935785466.02258570,0,40603.807,,0,42734.117881428574
2023-12-14,1702512000000,42869.03,43420.0,41400.0,43022.26,42047.05709,1702598399999,1798740625.30166000,1599536,20579.79343000,880356342.38151180,0,40869.2415,,0,42011.801972857145
2023-12-15,1702598400000,43022.26,43080.81,41666.0,41940.3,33421.7932,1702684799999,1416898938.50997890,1323628,16321.13654000,691713304.74858880,0,41077.223,,0,40657.71877857143
2023-12-16,1702684800000,41940.29,42724.43,41605.0,42278.03,24118.85747,1702771199999,1020469627.88573310,1180886,12193.50511000,515909440.91009290,0,41318.753,,0,40542.41697714286
2023-12-17,1702771200000,42278.02,42424.07,41252.0,41374.65,27722.11452,1702857599999,1161963642.96279640,1227634,13245.86404000,555309260.12794100,0,41525.3505,,0,41794.63082571429
2023-12-18,1702857600000,41374.64,42757.81,40542.93,42657.8,46734.0925,1702943999999,1936003306.08257260,1741647,23255.79871000,963775419.57314980,0,41767.297000000006,,0,37518.94432
2023-12-19,1702944000000,42657.8,43497.0,41811.1,42275.99,40927.86444,1703030399999,1747830242.46159370,1609188,20163.65946000,861082883.31101580,0,41988.3645,,0,37262.53956428571
2023-12-20,1703030400000,42275.99,44283.0,42206.0,43668.93,48710.2947,1703116799999,2115813869.77961900,1934588,23912.13682000,1038694005.77613990,0,42285.613,,0,37668.86770285714
2023-12-21,1703116800000,43668.92,44242.35,43286.72,43861.8,34624.29384,1703203199999,1514529919.18777960,1500702,17058.89545000,746266380.76924040,0,42544.577000000005,,0,36608.47295285714
2023-12-22,1703203200000,43861.79,44398.26,43412.54,43969.04,32783.19638,1703289599999,1436074497.51285980,1404109,16049.22275000,703199211.03931960,0,42770.51150000001,,0,36517.24483571428
2023-12-23,1703289600000,43969.04,43988.68,43291.1,43702.16,16557.1293,1703375999999,722943825.33321760,849658,7765.30564000,339046509.16771960,0,42957.0065,,0,35436.99795428571
2023-12-24,1703376000000,43702.15,43946.0,42500.0,42991.5,25144.33496,1703462399999,1093460634.88942270,1137678,11841.26614000,514962029.17833470,0,43007.0265,,0,35068.74373142857
2023-12-25,1703462400000,42991.5,43802.32,42720.43,43576.13,27021.23992,1703548799999,1172053386.51098150,1168428,13691.23930000,593900885.80314620,0,42982.167,,0,32252.62193428571
2023-12-26,1703548800000,43576.12,43592.68,41637.6,42508.93,41010.04282,1703635199999,1746333612.30494510,1475816,21096.16634000,898267435.23798300,0,42919.47900000001,,0,32264.361702857143
2023-12-27,1703635200000,42508.93,43677.0,42098.69,43428.85,36191.21136,1703721599999,1554082990.05227590,1439770,18982.83267000,815239612.61736400,0,42927.264500000005,,0,30475.92122571429
2023-12-28,1703721600000,43428.86,43787.57,42241.79,42563.76,35150.52485,1703807999999,1508408742.37808110,1391826,17422.81910000,747631903.05539890,0,42846.903000000006,,0,30551.097084285717
2023-12-29,1703808000000,42563.76,43111.0,41300.0,42066.95,42597.18912,1703894399999,1803086285.24657750,1571137,21195.34128000,897324724.79689550,0,42764.570499999994,,0,31953.096047142863
2023-12-30,1703894400000,42066.94,42612.32,41520.3,42140.28,22906.57818,1703980799999,964875790.98493500,936545,11727.69648000,494133887.90718110,0,42682.109,,0,32860.16017285715
2023-12-31,1703980800000,42140.29,42899.0,41965.84,42283.58,23585.91603,1704067199999,1001519241.55590540,1016484,11997.14865000,509478742.74451080,0,42733.618,,0,32637.528897142856
2024-01-01,1704067200000,42283.58,44184.1,42180.77,44179.55,27174.29903,1704153599999,1169995682.02800140,1114623,14331.73180000,617352094.56051940,0,42867.976,,0,32659.394484285713
2024-01-02,1704153600000,44179.55,45879.63,44148.34,44946.91,65146.40661,1704239999999,2944331821.82307620,2247532,33817.14447000,1527964124.23758480,0,42971.87,,0,36107.44645428572
2024-01-03,1704240000000,44946.91,45500.0,40750.0,42845.23,81194.55173,1704326399999,3507104563.74423210,2658041,39103.99162000,1687665202.95131440,0,42963.0185,,0,42536.495078571425
2024-01-04,1704326400000,42845.23,44729.58,42613.77,44151.1,48038.06334,1704412799999,2095095359.49363480,1819944,23605.90059000,1030075267.83901300,0,43073.5585,,0,44377.57200571429
2024-01-05,1704412800000,44151.1,44357.46,42450.0,44145.11,48075.25327,1704499199999,2100953924.36871550,2064845,24015.06426000,1049655019.14000940,0,43166.9125,,0,45160.15259857143
2024-01-06,1704499200000,44145.12,44214.42,43397.05,43968.32,17835.06144,1704585599999,781212883.49160610,956642,9048.57073000,396341787.36387760,0,43296.596000000005,,0,44435.65020714286
2024-01-07,1704585600000,43968.32,44480.59,43572.09,43929.02,23023.8508,1704671999999,1014635096.12414820,1109259,11613.52347000,511871007.52582630,0,43360.157,,0,44355.35517428571
2024-01-08,1704672000000,43929.01,47248.99,43175.0,46951.04,72814.57589,1704758399999,3298772150.68150740,2364464,38728.80530000,1755312207.66818340,0,43593.909499999994,,0,50875.39472571428
2024-01-09,1704758400000,46951.04,47972.0,44748.67,46110.0,69927.66617,1704844799999,3251442072.80839630,2637745,34825.45429000,1620151226.33626950,0,43715.963,,0,51558.43180571428
2024-01-10,1704844800000,46110.0,47695.93,44300.36,46653.99,89911.41203,1704931199999,4123809481.71276720,3133588,46910.79439000,2153126701.35216420,0,43855.572499999995,,0,52803.697562857145
2024-01-11,1704931200000,46654.0,48969.48,45606.06,46339.16,87470.3296,1705017599999,4105139605.02830200,2998451,44076.16830000,2070467939.65999250,0,43974.078499999996,,0,58436.878457142855
2024-01-12,1705017600000,46339.16,46515.53,41500.0,42782.73,86327.93707,1705103999999,3827483735.57605690,2809192,41707.58066000,1850840878.97782980,0,43928.107,,0,63901.54757142857
2024-01-13,1705104000000,42782.74,43257.0,42436.12,42847.99,36118.47464,1705190399999,1547370611.55316620,1434243,17748.09824000,760432218.24545510,0,43920.9315,,0,66513.46374285713
2024-01-14,1705190400000,42847.99,43079.0,41720.0,41732.35,28228.40894,1705276799999,1202212782.25769300,1235727,13690.30843000,583261659.73857610,0,43828.74250000001,,0,67256.97204857144
2024-01-15,1705276800000,41732.35,43400.43,41718.05,42511.1,40269.89303,1705363199999,1718982911.10810270,1657611,19924.76030000,849997411.08758290,0,43828.851,,0,62607.731640000005
2024-01-16,1705363200000,42511.1,43578.01,42050.0,43137.95,45045.74589,1705449599999,1931947150.05907020,1716580,24064.55667000,1031525441.93520850,0,43814.306,,0,59053.1716
2024-01-17,1705449600000,43137.94,43198.0,42200.69,42776.1,33266.21388,1705535999999,1419888430.92288920,1438172,16648.20529000,710532768.04757790,0,43824.922999999995,,0,50961.00043571428
2024-01-18,1705536000000,42776.09,42930.0,40683.28,41327.5,43907.51641,1705622399999,1839426541.26357900,1466087,21085.14336000,883292634.20636370,0,43787.9505,,0,44737.741408571426
2024-01-19,1705622400000,41327.51,42196.86,40280.0,41659.03,48342.74559,1705708799999,1993846466.53875190,1641428,24347.50020000,1004478721.37920550,0,43763.888,,0,39311.28548285714
2024-01-20,1705708800000,41659.03,41872.56,41456.3,41696.04,15923.99493,1705795199999,662768008.15093430,807324,7557.36632000,314535141.99556360,0,43734.511,,0,36426.35981
2024-01-21,1705795200000,41696.05,41881.39,41500.98,41580.33,11730.16301,1705881599999,489151571.03090430,657817,5576.56045000,232552207.16073290,0,43604.55,,0,34069.467534285715
2024-01-22,1705881600000,41580.32,41689.65,39431.58,39568.02,55426.19911,1705967999999,2247452153.79543270,2147250,26788.13985000,1086650848.06705250,0,43335.6055,,0,36234.654117142854
2024-01-23,1705968000000,39568.02,40176.74,38555.0,39897.6,57956.63351,1706054399999,2275851990.64682690,2043925,30913.97177000,1214417243.69641180,0,43188.224,,0,38079.066634285715
2024-01-24,1706054400000,39897.59,40555.0,39484.19,40084.88,39293.82861,1706140799999,1569704923.83074920,1675615,20673.05725000,825887009.47442260,0,42984.913,,0,38940.15445285715
2024-01-25,1706140800000,40084.89,40300.24,39550.0,39961.09,31022.11853,1706227199999,1238813296.15261370,1291233,15685.24919000,626369240.37339640,0,42775.712,,0,37099.38332714285
2024-01-26,1706227200000,39961.09,42246.82,39822.52,41823.51,47384.96726,1706313599999,1951700659.28980700,1624861,24674.75551000,1016105199.71712130,0,42668.4715,,0,36962.557851428566
2024-01-27,1706313600000,41823.51,42200.0,41394.34,42120.63,16224.41667,1706399999999,678418702.35094450,751148,7485.64978000,312938659.24802430,0,42578.051999999996,,0,37005.475242857145
2024-01-28,1706400000000,42120.63,42842.68,41620.81,42031.06,27294.99838,1706486399999,1154365891.66825870,1032493,12971.18820000,548670338.63940100,0,42332.053,,0,39229.02315285714
2024-01-29,1706486400000,42031.05,43333.0,41804.88,43302.7,31542.74207,1706572799999,1343462280.36186840,1197856,15996.88627000,681504721.35851260,0,42191.688,,0,35817.10071857143
2024-01-30,1706572800000,43302.71,43882.36,42683.99,42941.1,37619.24546,1706659199999,1633251085.67135960,1316610,19317.29993000,838876408.45566850,0,42006.0435,,0,32911.759568571426
2024-01-31,1706659200000,42941.1,43745.11,42276.84,42580.0,39871.13688,1706745599999,1711665577.05308240,1499559,20289.94825000,871009715.17022070,0,41818.0855,,0,32994.23217857142
2024-02-01,1706745600000,42580.0,43285.13,41884.28,43082.94,35231.04664,1706831999999,1497121440.64400210,1392269,18134.84304000,770635549.48421270,0,41833.096000000005,,0,33595.50762285715
2024-02-02,1706832000000,43082.95,43488.0,42546.79,43200.0,29672.14418,1706918399999,1277919437.29056120,1086342,15645.57110000,673834785.74779100,0,41850.696500000005,,0,31065.104325714285
2024-02-03,1706918400000,43199.99,43380.01,42880.0,43011.09,12033.40998,1707004799999,518775350.03360090,609962,5691.78572000,245377398.51059570,0,41914.633499999996,,0,30466.389084285714
2024-02-04,1707004800000,43011.1,43119.04,42222.0,42582.88,17066.89404,1707091199999,730999557.70836820,931235,8427.12671000,360928641.05977220,0,41918.222499999996,,0,29005.23132142857
2024-02-05,1707091200000,42582.88,43569.76,42258.1,42708.7,29467.75905,1707177599999,1262620640.54071730,1317397,14984.06962000,642077579.58272680,0,41896.759999999995,,0,28708.805175714286
2024-02-06,1707177600000,42708.7,43399.98,42574.0,43098.95,24675.85433,1707263999999,1061049582.60027670,1120760,12810.98205000,550866463.74091940,0,41912.902500000004,,0,26859.7493
2024-02-07,1707264000000,43098.96,44396.5,42788.0,44349.6,34392.59915,1707350399999,1496013692.38292190,1378809,17755.87738000,772721372.44438850,0,42064.0075,,0,26077.101052857146
2024-02-08,1707350400000,44349.6,45614.3,44331.1,45288.65,45439.62231,1707436799999,2042912128.15176650,1863650,22731.52397000,1021963499.80033510,0,42245.4885,,0,27535.469005714283
2024-02-09,1707436800000,45288.66,48200.0,45242.12,47132.77,73503.481,1707523199999,3453043306.42097590,2323884,37360.96419000,1754880225.38020990,0,42517.325,,0,33797.08855142857
2024-02-10,1707523200000,47132.78,48170.0,46800.0,47751.09,24802.35936,1707609599999,1176079377.69227620,1323421,12740.69912000,604397015.51796000,0,42825.863,,0,35621.22417714285
2024-02-11,1707609600000,47751.08,48592.66,47557.16,48299.99,29958.80837,1707695999999,1443314885.77140530,1407270,15741.38294000,758411879.95568900,0,43262.4615,,0,37462.926224285715
2024-02-12,1707696000000,48300.0,50334.82,47710.01,49917.27,59009.96705,1707782399999,2898220863.01818030,1939394,30797.43359000,1512688561.68886550,0,43763.445,,0,41683.24165285715
2024-02-13,1707782400000,49917.28,50368.61,48300.95,49699.59,55551.56706,1707868799999,2745025370.06744710,1741811,28409.79337000,1403783512.68099050,0,44244.1805,,0,46094.05775714286
2024-02-14,1707868800000,49699.6,52043.71,49225.01,51795.17,57046.37401,1707955199999,2919604456.72331270,1859392,29664.51830000,1518339681.33460220,0,44835.8845,,0,49330.31130857142
2024-02-15,1707955200000,51795.17,52816.62,51314.0,51880.0,53816.03055,1708041599999,2802825737.99201540,1786569,26722.58656000,1391971339.71580590,0,45338.708999999995,,0,50526.94105714285
2024-02-16,1708041600000,51880.01,52572.08,51566.0,52124.11,37772.25318,1708127999999,1965003863.97133420,1583711,18309.89888000,952708587.73249880,0,45838.883,,0,45422.47994
2024-02-17,1708128000000,52124.1,52162.82,50625.0,51642.64,25674.00622,1708214399999,1319908544.97908910,1427773,12655.51593000,650426057.19761540,0,46319.462,,0,45547.00092
2024-02-18,1708214400000,51642.64,52377.0,51163.28,52137.67,21992.10363,1708300799999,1139209588.43346260,1375422,11281.34692000,584447328.11427220,0,46761.2105,,0,44408.90024285715
2024-02-19,1708300800000,52137.68,52488.77,51677.0,51774.73,29534.99432,1708387199999,1539600521.60077290,1542990,15266.36204000,795825023.64422360,0,47202.892,,0,40198.18985285715
2024-02-20,1708387200000,51774.74,52985.0,50760.37,52258.82,49614.47318,1708473599999,2574874999.37871740,1971912,24994.25062000,1297330385.00509330,0,47686.833,,0,39350.03358428571
2024-02-21,1708473600000,52258.82,52366.8,50625.0,51849.39,43079.40049,1708559999999,2210278288.72509470,1824860,22239.73293000,1140905416.95625220,0,48125.1555,,0,37354.75165285714
2024-02-22,1708560000000,51849.38,52065.78,50940.78,51288.42,35309.44574,1708646399999,1820949707.15853400,1688184,17830.46730000,919599483.90786170,0,48529.576499999996,,0,34710.95382285714
2024-02-23,1708646400000,51288.42,51548.54,50521.0,50744.15,30545.79544,1708732799999,1559143576.82961640,1487039,14610.80906000,745820955.25604630,0,48916.2295,,0,33678.60271714286
2024-02-24,1708732800000,50744.15,51698.0,50585.0,51568.22,16560.4211,1708819199999,847793393.57186800,855015,8462.15627000,433239599.42398870,0,49365.496499999994,,0,32376.661985714287
2024-02-25,1708819200000,51568.21,51958.55,51279.8,51728.85,18721.63159,1708905599999,966951114.45046290,923992,9544.17672000,492952522.68163890,0,49816.504,,0,31909.45169428571
2024-02-26,1708905600000,51728.85,54910.0,50901.44,54476.47,51256.72199,1708991999999,2710403072.98059510,1808909,27198.83551000,1438371804.11010130,0,50385.38,,0,35012.55564714286
2024-02-27,1708992000000,54476.48,57588.15,54450.13,57037.34,67194.98562,1709078399999,3795949115.22493150,2414285,34970.25885000,1975472154.51157390,0,51019.767,,0,37524.05742428572
2024-02-28,1709078400000,57037.35,64000.0,56691.85,62432.1,118763.46984,1709164799999,7162581994.48573950,3895062,62066.63936000,3742433894.94507670,0,51876.93949999999,,0,48336.067331428574
2024-02-29,1709164800000,62432.11,63676.35,60364.7,61130.98,78425.07603,1709251199999,4872212871.27608040,3169405,39463.06931000,2452515504.86865120,0,52576.85,36933.0378,1,54495.443087142856
2024-03-01,1709251200000,61130.99,63114.23,60777.0,62387.9,47737.93473,1709337599999,2956537377.96602980,1947444,24195.70252000,1498771144.09995600,0,53308.690500000004,37097.82265,1,56951.46298571428
2024-03-02,1709337600000,62387.9,62433.19,61561.12,61987.28,25534.73659,1709423999999,1582566973.83409310,1641808,12691.37721000,786583052.08627260,0,53993.05499999999,37261.75905,1,58233.508055714294
2024-03-03,1709424000000,61987.28,63231.88,61320.0,63113.97,28994.90903,1709510399999,1804536272.94434580,1992011,14905.18600000,927868983.73084310,0,54652.89,37433.676349999994,1,59701.119118571434
2024-03-04,1709510400000,63113.97,68499.0,62300.0,68245.71,84835.16005,1709596799999,5568877537.08125230,3887853,45319.08640000,2974396037.68572030,0,55580.195999999996,37641.78785,1,64498.03884142858
2024-03-05,1709596800000,68245.71,69000.0,59005.0,63724.01,132696.7813,1709683199999,8674526591.28714170,5310706,65991.84526000,4318205559.64365010,0,56176.638,37830.1379,1,73855.43822428572
2024-03-06,1709683200000,63724.01,67641.1,62779.14,66074.04,78738.85491,1709769599999,5197743036.59727550,3302981,40344.32596000,2663883160.20696200,0,56886.340000000004,38030.00805,1,68137.63609142858
2024-03-07,1709769600000,66074.04,67980.0,65551.0,66823.17,53059.8869,1709855999999,3548088039.27360850,2428227,27935.66302000,1867854683.98202980,0,57621.29299999999,38233.17395,1,64514.037644285716
2024-03-08,1709856000000,66823.18,69990.0,66082.66,68124.19,74261.932842,1709942399999,5044395324.39905431,2943927,37711.51458100,2563347797.52868009,0,58445.370500000005,38443.1603,1,68303.18023171429
2024-03-09,1709942400000,68124.2,68541.1,67861.1,68313.27,19872.89743,1710028799999,1355964036.90929860,1345341,10005.59200000,682720256.00282270,0,59254.15049999999,38654.44665,1,67494.346066
2024-03-10,1710028800000,68313.28,69887.61,68094.75,68955.88,38404.66835,1710115199999,2659307501.09457810,2139518,19188.79904000,1328747995.99402550,0,60113.208,38867.06245,1,68838.59739742857
2024-03-11,1710115200000,68955.88,72800.0,67024.96,72078.1,75292.825726,1710201599999,5352704377.61880469,3043414,39435.85545900,2803359303.28697282,0,61104.172000000006,39096.5527,1,67475.40677971429
2024-03-12,1710201600000,72078.1,73000.0,68620.82,71452.01,68783.546691,1710287999999,4909667978.55933818,3047890,34517.21293300,2465202174.40722632,0,62084.303,39323.5127,1,58344.94469271429
2024-03-13,1710288000000,71452.0,73650.25,71333.31,73072.41,52659.711647,1710374399999,3829764501.25379279,2501197,26787.08223700,1948382241.88946039,0,63173.5025,39558.7879,1,54619.352798
2024-03-14,1710374400000,73072.4,73777.0,68555.0,71388.94,71757.628746,1710460799999,5132189849.09663160,2994869,35676.74832600,2552190396.88900670,0,64205.74199999999,39785.22375,1,57290.458776
2024-03-15,1710460800000,71388.94,72419.71,65600.0,69499.85,103334.03546,1710547199999,7065279917.87211180,3904445,49844.66515000,3409385750.02117660,0,65102.3235,40002.123,1,61443.61629285714
2024-03-16,1710547200000,69499.84,70043.0,64780.0,65300.63,55926.95336,1710633599999,3788544202.88485590,2729019,27240.19894000,1846731512.27362330,0,65780.9125,40190.04445,1,66594.19571142856
2024-03-17,1710633600000,65300.64,68904.4,64533.0,68393.48,49742.21589,1710719999999,3322963634.24251290,2449156,25328.29435000,1692079618.21131060,0,66476.763,40395.511900000005,1,68213.84536
2024-03-18,1710720000000,68393.47,68956.0,66565.2,67609.99,55691.08088,1710806399999,3768277912.41891810,2464515,28529.67219000,1930726566.24924600,0,67005.3955,40603.85795,1,65413.59609628571
2024-03-19,1710806400000,67610.0,68124.11,61555.0,61937.4,101005.32487,1710892799999,6484805948.53539280,3593832,48205.28434000,3095258881.70227350,0,66980.6605,40784.519700000004,1,70016.70726471428
2024-03-20,1710892800000,61937.41,68100.0,60775.0,67840.51,90420.58592,1710979199999,5769770052.06258300,3549793,45523.84281000,2907222064.13129160,0,67316.137,40994.3747,1,75411.11787514285
2024-03-21,1710979200000,67840.51,68240.47,64529.01,65501.27,53357.48002,1711065599999,3551223142.96441700,2388390,26650.09786000,1774833851.22152450,0,67471.8055,41192.025,1,72782.5252
2024-03-22,1711065600000,65501.28,66649.62,62260.0,63796.64,51482.37821,1711151999999,3310481978.10764530,2492881,24578.87957000,1580940164.12123740,0,67562.2735,41381.8781,1,65375.145592857145
2024-03-23,1711152000000,63796.64,65999.0,63000.0,63990.01,26410.11409,1711238399999,1706152172.63161340,1753566,12749.00823000,823892846.71497700,0,67606.0755,41572.86765,1,61158.45426857143
2024-03-24,1711238400000,63990.02,67628.69,63772.29,67209.99,31395.78015,1711324799999,2059312948.64868730,1880774,16689.65617000,1095820626.02919970,0,67554.2895,41780.11785,1,58537.534877142854
2024-03-25,1711324800000,67210.0,71150.0,66385.06,69880.01,53431.14486,1711411199999,3679964073.81121250,2632220,27815.58769000,1915614174.23976360,0,67862.0895,41998.2429,1,58214.68687428571
2024-03-26,1711411200000,69880.0,71561.1,69280.0,69988.0,38934.38417,1711497599999,2738537345.33588000,2176807,19498.85666000,1371708206.53887210,0,68057.7875,42218.6304,1,49347.40963142858
2024-03-27,1711497600000,69987.99,71769.54,68359.18,69469.99,49119.35685,1711583999999,3426458581.94334340,2453366,24902.33470000,1737325915.83441790,0,68190.1285,42436.4723,1,43447.23405000001
2024-03-28,1711584000000,69469.99,71552.06,68903.62,70780.6,35439.03239,1711670399999,2500571208.00262760,1799897,18007.26883000,1270852446.70774510,0,68322.949,42661.16725,1,40887.45581714286
2024-03-29,1711670400000,70780.6,70916.16,69009.0,69850.54,25445.08353,1711756799999,1779608477.32245370,1522607,11839.09290000,828039936.68545330,0,68399.8125,42884.607350000006,1,37167.84229142857
2024-03-30,1711756800000,69850.53,70321.1,69540.0,69582.18,13644.61142,1711843199999,954555919.68557450,1110488,6423.89367000,449436189.73361900,0,68431.1275,43103.31775,1,35344.19905285714
2024-03-31,1711843200000,69582.17,71366.0,69562.99,71280.01,19396.34433,1711929599999,1367523707.26124510,1181926,10142.47988000,715151368.94630210,0,68391.223,43328.607800000005,1,33629.99393571429
2024-04-01,1711929600000,71280.0,71288.23,68062.86,69649.8,41445.32039,1712015999999,2876486469.46552290,1893438,20211.15024000,1402849944.78228910,0,68301.1125,43544.24315,1,31917.73329714286
2024-04-02,1712016000000,69649.81,69674.23,64550.0,65463.99,71799.82793,1712102399999,4750030717.92242550,2662410,35520.17401000,2348263612.30347050,0,67920.6915,43738.5631,1,36612.79669142857
2024-04-03,1712102400000,65463.99,66903.63,64493.07,65963.28,39887.21778,1712188799999,2630556596.13592860,2172096,20618.58747000,1360363531.16595170,0,67649.40849999999,43935.581150000005,1,35293.91968142857
2024-04-04,1712188800000,65963.27,69309.91,65064.52,68487.79,41510.48453,1712275199999,2795469450.57238580,2000945,21013.32173000,1415699952.03815850,0,67598.80549999999,44145.38255,1,36161.269987142856
2024-04-05,1712275200000,68487.8,68756.67,65952.56,67820.62,37915.23073,1712361599999,2555458935.23600890,1901980,18889.98453000,1273220222.76258870,0,67724.80500000001,44350.67310000001,1,37942.71958714286
2024-04-06,1712361600000,67820.63,69692.0,67447.83,68896.0,20134.28919,1712447999999,1373131967.76481860,1171460,9973.86412000,680800856.20965050,0,67749.93100000001,44559.101800000004,1,38869.81641142857
2024-04-07,1712448000000,68896.0,70326.29,68824.0,69360.39,21534.74433,1712534399999,1496213373.18557760,1269048,11149.90398000,774906774.52828120,0,67837.451,44770.27875,1,39175.30212571429
2024-04-08,1712534400000,69360.38,72797.99,69043.24,71620.0,45723.87624,1712620799999,3270853309.66294220,2037025,25309.90487000,1811209901.71635400,0,68321.58099999999,44995.53835,1,39786.52439
2024-04-09,1712620800000,71620.0,71758.19,68210.0,69146.0,39293.90242,1712707199999,2749007421.64210750,1804157,18896.53756000,1321865585.23805220,0,68386.85549999999,45208.36765,1,35142.820745714285
2024-04-10,1712707200000,69146.0,71172.08,67518.0,70631.08,42006.02377,1712793599999,2901564970.81580420,1852170,20269.34809000,1401023003.73182270,0,68643.34599999999,45428.643249999994,1,35445.50731571428
2024-04-11,1712793600000,70631.08,71305.89,69567.21,70006.23,31917.25595,1712879999999,2247473274.61625790,1658995,15908.49124000,1120249990.73575260,0,68953.8255,45647.4325,1,34075.04609
2024-04-12,1712880000000,70006.22,71227.46,65086.86,67116.52,56072.86229,1712966399999,3843551585.32127470,2496617,25935.86464000,1777808491.17045420,0,69110.151,45851.49105,1,36668.993455714284
2024-04-13,1712966400000,67116.52,67929.0,60660.57,63924.51,71395.22019,1713052799999,4614468627.80904480,3341340,33221.66950000,2144846149.68091790,0,68945.87700000001,46040.005249999995,1,43991.98359857142
2024-04-14,1713052800000,63924.52,65840.0,62134.0,65661.84,61599.17818,1713139199999,3946124834.69703540,2657953,29732.29634000,1904847012.50930860,0,68734.9685,46236.4495,1,49715.474148571426
2024-04-15,1713139200000,65661.85,66867.07,62274.4,63419.99,52389.53069,1713225599999,3398072231.56122360,2539048,25206.68008000,1634572976.93981270,0,68406.568,46418.4425,1,50667.71049857143
2024-04-16,1713225600000,63419.99,64365.0,61600.0,63793.39,53435.29331,1713311999999,3355338198.44691320,2604354,26041.26640000,1635683129.30765320,0,68122.738,46602.87465,1,52687.90919714286
2024-04-17,1713312000000,63793.4,64499.0,59678.16,61277.37,50610.54509,1713398399999,3128625247.47385340,2458327,24346.74671000,1506361259.70135830,0,67647.5765,46774.4487,1,53917.126528571425
2024-04-18,1713398400000,61277.38,64117.09,60803.35,63470.08,43601.60918,1713484799999,2726741448.88680220,2142511,20870.20705000,1305027167.93950820,0,67328.5535,46951.83624999999,1,55586.319847142855
2024-04-19,1713484800000,63470.09,65450.0,59600.01,63818.01,69774.30271,1713571199999,4419893235.18328730,2828284,34941.50216000,2214809735.24024150,0,67040.345,47133.45375,1,57543.668478571424
2024-04-20,1713571200000,63818.01,65419.0,63090.07,64940.59,23137.42975,1713657599999,1486949581.43947920,1376712,11811.84440000,759077474.29729040,0,66723.374,47321.0244,1,50649.69841571428
2024-04-21,1713657600000,64940.58,65695.56,64237.5,64941.15,19316.42152,1713743999999,1254396628.15317660,1390153,9734.71767000,632257865.00824990,0,66487.94149999999,47506.83729999999,1,44609.304607142854
2024-04-22,1713744000000,64941.15,67232.35,64500.0,66819.32,31397.99371,1713830399999,2071690434.97655200,1816591,16466.05497000,1086399264.60922710,0,66555.708,47703.881949999995,1,41610.51361
2024-04-23,1713830400000,66819.32,67183.01,65765.81,66414.0,22599.90004,1713916799999,1502139968.71988170,1433915,10854.17402000,721404825.84704100,0,66578.24399999999,47896.2965,1,37205.457428571426
2024-04-24,1713916800000,66414.0,67070.43,63606.06,64289.59,33595.69637,1714003199999,2195714861.65765590,1784897,16899.50969000,1104368114.10586980,0,66368.334,48077.96109999999,1,34774.76475428571
2024-04-25,1714003200000,64289.58,65297.94,62794.0,64498.34,31341.46338,1714089599999,2007704069.26227290,1375324,14808.62959000,948738136.26843800,0,66202.22,48260.867549999995,1,33023.31535428571
2024-04-26,1714089600000,64498.33,64820.01,63297.48,63770.01,27085.19346,1714175999999,1736631357.35373870,1025561,13570.23647000,870093757.51889900,0,65945.9205,48441.767,1,26924.871175714285
2024-04-27,1714176000000,63770.0,63923.41,62391.24,63461.98,20933.06052,1714262399999,1320337707.78711590,912422,9903.95325000,624733409.21128790,0,65651.0,48622.126299999996,1,26609.961285714286
2024-04-28,1714262400000,63461.98,64370.0,62781.0,63118.62,16949.20005,1714348799999,1078450016.47322960,790652,7941.33811000,505261267.56950520,0,65225.931000000004,48803.341799999995,1,26271.786790000002
2024-04-29,1714348800000,63118.62,64228.35,61765.53,63866.0,28150.22947,1714435199999,1765038324.68372130,1152296,13986.59437000,877053322.30799690,0,64961.931000000004,48988.87365,1,25807.82047
2024-04-30,1714435200000,63866.0,64734.0,59191.6,60672.0,54947.65535,1714521599999,3372142467.43225250,1985671,26385.41614000,1620421850.57869910,0,64463.977,49157.923650000004,1,30428.92837142857
2024-05-01,1714521600000,60672.01,60841.63,56552.82,58364.97,81166.46823,1714607999999,4705572361.74020020,2401089,38203.57377000,2213404278.59001090,0,63881.914000000004,49315.486099999995,1,37224.752922857144
2024-05-02,1714608000000,58364.97,59625.0,56911.84,59060.61,47583.81961,1714694399999,2778840305.05057860,1572898,23240.75370000,1356148775.88673650,0,63479.1185,49475.0184,1,39545.08952714286
2024-05-03,1714694400000,59060.6,63333.0,58811.32,62882.01,43628.40143,1714780799999,2658193708.34790420,1558661,22145.44334000,1349687455.59576090,0,63426.9935,49646.92455,1,41908.40495142857
2024-05-04,1714780800000,62882.01,64540.0,62541.03,63892.04,24368.69282,1714867199999,1547468697.87657970,1113509,12671.20599000,804768764.30625010,0,63338.50349999999,49824.405199999994,1,42399.209565714285
2024-05-05,1714867200000,63892.03,64646.0,62822.17,64012.0,18526.75029,1714953599999,1182572239.53061830,992921,8954.93439000,571783428.23947070,0,63368.10399999999,50002.86519999999,1,42624.573885714286
2024-05-06,1714953600000,64012.0,65500.0,62700.0,63165.19,34674.91949,1715039999999,2218131198.46613250,1392557,17179.56031000,1099303474.28052170,0,63336.694,50175.12260000001,1,43556.672459999994
2024-05-07,1715040000000,63165.18,64422.41,62261.0,62312.08,25598.79472,1715126399999,1624531631.59237700,1272898,12502.38281000,793575994.21410250,0,63388.429500000006,50338.3378,1,39363.97808428571
2024-05-08,1715126400000,62312.07,63020.22,60888.0,61193.03,26121.19004,1715212799999,1623561041.12551880,1415152,12669.58179000,787749415.54808140,0,63274.577000000005,50494.75395,1,31500.366914285714
2024-05-09,1715212800000,61193.03,63429.03,60630.0,63074.01,30660.8061,1715299199999,1895849912.77347550,1381957,15120.01471000,935341755.67823540,0,63237.377,50660.1617,1,29082.793555714285
2024-05-10,1715299200000,63074.0,63469.13,60187.12,60799.99,36529.34025,1715385599999,2255550468.41385220,1500643,18066.83174000,1116494638.28048920,0,63030.346999999994,50798.8117,1,28068.64195857143
2024-05-11,1715385600000,60799.99,61515.0,60487.09,60825.99,13374.56936,1715471999999,814928013.45732880,753281,6223.09555000,379263096.21513300,0,62824.589,50933.328,1,26498.052892857144
2024-05-12,1715472000000,60825.99,61888.0,60610.0,61483.99,12753.13236,1715558399999,781041632.46238350,727113,6416.91108000,393132351.88839250,0,62557.822499999995,51068.267700000004,1,25673.25033142857
2024-05-13,1715558400000,61484.0,63450.0,60749.21,62940.08,32733.41839,1715644799999,2041896626.61081470,1371433,16717.90863000,1043060982.35746010,0,62384.1265,51212.209800000004,1,25395.89303142857
2024-05-14,1715644800000,62940.09,63118.36,61142.77,61577.49,29088.72041,1715731199999,1800171876.16766540,1127939,13815.81443000,855088066.21248800,0,62248.521499999995,51350.63715000001,1,25894.453844285712
2024-05-15,1715731200000,61577.49,66444.16,61319.47,66206.5,43559.74719,1715817599999,2794259631.89104640,1729454,21797.84094000,1398781701.44138860,0,62333.929500000006,51511.264650000005,1,28385.676294285717
2024-05-16,1715817600000,66206.51,66752.01,64602.77,65235.21,31106.3671,1715903999999,2045507646.82938490,1269793,15645.11263000,1028962305.10438390,0,62407.1895,51664.81125,1,28449.327865714287
2024-05-17,1715904000000,65235.21,67451.2,65106.38,67024.0,26292.23409,1715990399999,1745971822.34474550,1117254,13301.09525000,883129353.16334290,0,62585.2905,51827.5576,1,26986.88412857143
2024-05-18,1715990400000,67024.0,67400.01,66600.0,66915.2,14441.25774,1716076799999,967145944.68353170,734067,6911.13424000,462859253.58791080,0,62775.11949999999,51988.93474999999,1,27139.26818285714
2024-05-19,1716076800000,66915.2,67700.0,65857.25,66274.01,18025.30409,1716163199999,1204989222.87686860,823729,8692.17507000,581378180.33745970,0,62895.52,52143.19765000001,1,27892.435572857146
2024-05-20,1716163200000,66274.0,71515.56,66060.31,71446.62,50816.7011,1716249599999,3485474763.75229410,1930939,26792.52994000,1839346667.54078900,0,63434.251000000004,52325.7228,1,30475.761674285714
2024-05-21,1716249600000,71446.62,71979.0,69162.94,70148.34,49607.4336,1716335999999,3509345769.23360780,2137448,24686.27911000,1746693652.32872200,0,64023.419499999996,52502.8806,1,33407.006415714284
2024-05-22,1716336000000,70148.34,70666.0,68842.19,69166.62,27673.18026,1716422399999,1931700812.30321440,1371973,13124.78731000,916344293.91047570,0,64528.72000000001,52673.40335,1,31137.496854285713
2024-05-23,1716422400000,69166.62,70096.12,66312.16,67969.65,40513.17374,1716508799999,2766790260.78860240,1827855,19791.15119000,1351640092.58136590,0,64783.102,52838.1922,1,32481.326374285713
2024-05-24,1716508800000,67969.66,69250.0,66600.12,68549.99,28095.83664,1716595199999,1906438696.71560120,1165907,14344.29889000,973457354.69577570,0,65015.9995,53005.7117,1,32738.983881428572
2024-05-25,1716595200000,68549.99,69610.0,68500.0,69290.57,12130.39418,1716681599999,837339788.98389610,703803,5851.95991000,403954862.66947920,0,65279.928,53175.16894999999,1,32408.860515714285
2024-05-26,1716681600000,69290.56,69562.23,68128.01,68507.67,11872.11797,1716767999999,818914878.99088980,722849,5934.62083000,409411078.54609240,0,65547.052,53339.5837,1,31529.833927142852
2024-05-27,1716768000000,68507.67,70687.56,68250.0,69436.43,23136.92737,1716854399999,1604722197.83740280,1219341,11709.62174000,812172288.25763730,0,65903.26950000001,53503.2604,1,27575.580537142854
2024-05-28,1716854400000,69436.43,69591.81,67277.91,68398.39,32622.97042,1716940799999,2224860225.79922270,1459351,15543.09776000,1059920452.31461710,0,66263.5375,53658.7442,1,25149.22865428572
2024-05-29,1716940800000,68398.4,68935.68,67124.65,67652.42,23159.83149,1717027199999,1573095221.64839840,1221044,11748.55954000,797928379.36691790,0,66492.458,53811.3563,1,24504.46454428571
2024-05-30,1717027200000,67652.41,69500.0,67128.0,68352.17,28478.2184,1717113599999,1945001081.52158660,1272851,14074.36655000,961595245.17878340,0,66870.06700000001,53967.796500000004,1,22785.18521
2024-05-31,1717113600000,68352.17,69044.1,66670.0,67540.01,26690.32184,1717199999999,1812659052.24967660,1177860,13258.10182000,900414200.11617690,0,67205.768,54123.181899999996,1,22584.39738142857
2024-06-01,1717200000000,67540.01,67900.0,67428.44,67766.85,8837.66133,1717286399999,598305207.99320460,638484,4235.27045000,286752060.40289290,0,67519.911,54284.2602,1,22114.006974285712
2024-06-02,1717286400000,67766.84,68460.0,67257.47,67765.63,15426.32529,1717372799999,1046827665.38293130,812348,7760.23377000,526768921.12622220,0,67761.1885,54433.79735,1,22621.75087714286
2024-06-03,1717372800000,67765.62,70288.0,67612.48,68809.9,29633.374,1717459199999,2047757076.22683570,1253789,15308.67275000,1058024704.35337320,0,68122.809,54597.02930000001,1,23549.814681428576
2024-06-04,1717459200000,68809.89,71063.45,68567.32,70537.84,29619.78489,1717545599999,2069902136.99324010,1254515,14922.96734000,1043071241.62848080,0,68339.376,54766.64890000001,1,23120.788177142855
2024-06-05,1717545600000,70537.83,71758.0,70383.66,71108.0,28703.18082,1717631999999,2040073765.86763960,1055115,14210.23392000,1010053925.79108140,0,68633.01550000001,54939.348399999995,1,23912.695224285715
2024-06-06,1717632000000,71108.0,71700.0,70117.64,70799.06,21842.00449,1717718399999,1551467659.15429660,900226,10287.39110000,730849194.23039900,0,68821.76849999999,55106.544400000006,1,22964.664665714285
2024-06-07,1717718400000,70799.06,71997.02,68420.0,69355.6,35598.45045,1717804799999,2507250591.33297820,1516415,17318.78051000,1220810920.34443310,0,68943.7885,55266.0785,1,24237.25446714286
2024-06-08,1717804800000,69355.6,69582.2,69168.02,69310.46,9773.82967,1717891199999,678267390.53103880,714103,4772.23036000,331182466.90034250,0,69095.611,55433.922549999996,1,24370.992801428572
2024-06-09,1717891200000,69310.46,69857.14,69130.24,69648.14,9890.56709,1717977599999,687344656.07255660,575583,4883.69296000,339405376.08154470,0,69005.687,55595.12155,1,23580.170201428573
2024-06-10,1717977600000,69648.15,70195.94,69172.29,69540.0,17122.66941,1718063999999,1192466549.96912270,936731,8412.00246000,585909223.77581300,0,68975.27,55756.35015,1,21792.92668857143
2024-06-11,1718064000000,69540.0,69590.01,66051.0,67314.24,41436.01588,1718150399999,2793799020.46912430,1782415,19839.82320000,1337254654.99899240,0,68882.651,55904.353500000005,1,23480.95968714286
2024-06-12,1718150400000,67314.23,69999.0,66905.0,68263.99,37175.32356,1718236799999,2550285139.18437200,1670745,18975.89081000,1302069589.64168150,0,68897.368,56056.77010000001,1,24691.26579285714
2024-06-13,1718236800000,68263.98,68449.3,66251.78,66773.01,29079.55571,1718323199999,1958897960.91729170,1518202,13886.14007000,935614189.69868110,0,68808.519,56203.398,1,25725.20168142857
2024-06-14,1718323200000,66773.01,67370.24,65078.0,66043.99,28408.18797,1718409599999,1884451554.42828490,1736314,13619.40861000,903708200.78497490,0,68646.19,56347.40445,1,24698.02132714286
2024-06-15,1718409600000,66043.99,66478.48,65857.1,66228.25,11451.80242,1718495999999,758175888.02833720,700886,5495.02083000,363796116.45357520,0,68532.21900000001,56489.45135000001,1,24937.73172
2024-06-16,1718496000000,66228.25,66998.7,66034.5,66676.87,9392.52223,1718582399999,624653672.61385750,703295,4750.05166000,315940653.99261210,0,68394.24100000001,56633.5625,1,24866.58245428571
2024-06-17,1718582400000,66676.86,67298.81,65130.0,66504.33,27386.16851,1718668799999,1812061226.75656550,1542620,13716.89431000,907703353.53049530,0,68299.538,56777.464349999995,1,26332.79661142857
2024-06-18,1718668800000,66504.33,66588.23,64060.0,65175.32,42350.10244,1718755199999,2755141806.03109010,2151711,20076.41361000,1305946733.58928080,0,68175.683,56909.92835,1,26463.380405714288
2024-06-19,1718755200000,65175.32,65727.54,64666.0,64974.37,20060.79576,1718841599999,1307731953.95453160,1078458,10289.78180000,670875724.31372840,0,68006.79299999999,57037.548449999995,1,24018.447862857145
2024-06-20,1718841600000,64974.37,66482.94,64559.15,64869.99,24265.29031,1718927999999,1584896152.16637010,1282687,11828.87934000,772646071.21699650,0,67873.292,57162.0371,1,23330.695662857142
2024-06-21,1718928000000,64869.99,65066.66,63379.35,64143.56,25993.56442,1719014399999,1665541539.70861590,1362617,12543.25960000,803462610.69190860,0,67692.1275,57272.7994,1,22985.749441428572
2024-06-22,1719014400000,64143.56,64546.81,63943.82,64262.01,7308.95542,1719100799999,470027247.34020830,562832,3756.29045000,241583895.45436180,0,67516.94649999999,57373.74285,1,22393.914155714283
2024-06-23,1719100800000,64262.01,64521.0,63178.32,63210.01,8224.45447,1719187199999,526848525.00294520,592759,3974.67964000,254685735.53387730,0,67236.952,57470.97944999999,1,22227.047332857142
2024-06-24,1719187200000,63210.01,63369.8,58402.0,60293.3,52161.35414,1719273599999,3180853460.92475080,2190787,24495.59428000,1493633137.52665430,0,66724.725,57556.080250000006,1,25766.359565714287
2024-06-25,1719273600000,60293.3,62420.0,60257.06,61806.01,31189.24361,1719359999999,1914901308.84587010,1277481,15360.08458000,943071608.51094150,0,66259.6255,57644.25535,1,24171.95116142857
2024-06-26,1719360000000,61806.01,62487.81,60712.0,60864.99,22485.66463,1719446399999,1381716993.35549190,1112152,11435.02653000,702676210.43654810,0,65762.922,57730.0123,1,24518.361
2024-06-27,1719446400000,60864.98,62389.22,60606.63,61706.47,18344.28631,1719532799999,1126705164.78289200,1062176,9298.26500000,570914131.05718340,0,65380.465500000006,57819.5971,1,23672.503285714287
2024-06-28,1719532800000,61706.46,62225.31,60063.0,60427.84,24821.19255,1719619199999,1519872032.02663600,1479626,12661.53908000,775499790.79123460,0,64936.3345,57915.469300000004,1,23505.02159
2024-06-29,1719619200000,60427.84,61224.0,60383.77,60986.68,11509.55904,1719705599999,701345872.48811430,767669,5461.68911000,332791254.69089930,0,64503.2615,58012.94075,1,24105.107821428574
2024-06-30,1719705600000,60986.68,63058.76,60712.21,62772.01,17326.30136,1719791999999,1070250012.54466050,1108912,8224.44601000,508208752.08569870,0,64164.862,58112.45565,1,25405.371662857146
2024-07-01,1719792000000,62772.01,63861.76,62497.2,62899.99,24547.10538,1719878399999,1550980813.67013450,1461508,12388.60654000,782785773.83555930,0,63944.1495,58211.844300000004,1,21460.478982857145
2024-07-02,1719878400000,62900.0,63288.83,61806.28,62135.47,18573.11875,1719964799999,1160792332.61755960,1308816,9453.17931000,590763216.57998250,0,63637.7235,58312.82015,1,19658.17543142857
2024-07-03,1719964800000,62135.46,62285.94,59400.0,60208.58,32160.11127,1720051199999,1945901232.90665710,1839372,15055.45492000,910631739.67384830,0,63309.502,58402.4729,1,21040.23923714286
2024-07-04,1720051200000,60208.57,60498.19,56771.0,57050.01,54568.77276,1720137599999,3168619756.24364850,2523236,24982.98822000,1450509608.68042170,0,62859.803,58480.8497,1,26215.165872857146
2024-07-05,1720137600000,57050.02,57546.0,53485.93,56628.79,81348.24756,1720223999999,4515040083.53651490,3749255,37926.65162000,2104682004.51668210,0,62379.829999999994,58550.70465,1,34290.45944571429
2024-07-06,1720224000000,56628.79,58475.0,56018.0,58230.13,21651.31558,1720310399999,1235398733.43570290,1411065,11083.50401000,632724011.54747280,0,61957.493,58630.47534999999,1,35739.28180857143
2024-07-07,1720310400000,58230.13,58449.46,55724.37,55857.81,19118.93918,1720396799999,1094135752.45286890,1289229,9081.66872000,519830378.93556300,0,61425.167,58691.419749999994,1,35995.372925714284
2024-07-08,1720396800000,55857.81,58236.73,54260.16,56714.62,48090.2049,1720483199999,2699942701.37551110,2554389,23963.90684000,1346497811.21179220,0,61002.132,58755.68385000001,1,39358.67285714286
2024-07-09,1720483200000,56714.61,58296.0,56289.45,58050.0,27732.20788,1720569599999,1592351321.65538700,1757693,14143.25001000,812249336.74934340,0,60655.9135,58826.088650000005,1,40667.11416142857
2024-07-10,1720569600000,58050.0,59470.0,57157.79,57725.85,24951.73799,1720655999999,1452293495.65014880,1766696,12423.53162000,723209557.64967550,0,60298.70650000001,58896.2071,1,39637.34655
2024-07-11,1720656000000,57725.85,59650.0,57050.0,57339.89,29761.05735,1720742399999,1728929618.05838440,2157661,15019.30135000,872986677.11952730,0,59958.523,58967.949049999996,1,36093.38720571429
2024-07-12,1720742400000,57339.89,58526.68,56542.47,57889.1,23652.4569,1720828799999,1360201319.07615040,1749738,11488.82545000,661028735.66443120,0,59639.8775,59039.513900000005,1,27851.131397142857
2024-07-13,1720828800000,57889.09,59850.0,57756.63,59204.02,15357.74519,1720915199999,900429281.14823270,1114391,7889.36244000,462600767.86107760,0,59439.578,59122.989349999996,1,26952.049912857143
2024-07-14,1720915200000,59204.01,61420.69,59194.01,60797.91,21178.33907,1721001599999,1273562988.61117610,1456088,10479.46025000,630300143.25984630,0,59464.8085,59209.83465,1,27246.249897142854
2024-07-15,1721001600000,60797.91,64900.0,60632.3,64724.14,38690.9782,1721087999999,2435540879.02893340,2600425,19076.54212000,1201411783.66660390,0,59610.71499999999,59320.63655,1,25903.503225714285
2024-07-16,1721088000000,64724.06,65388.97,62373.24,65043.99,42530.52915,1721174399999,2725231969.28845080,2484783,21595.04799000,1384337933.33100270,0,59819.66499999999,59435.52175,1,28017.549121428572
2024-07-17,1721174400000,65044.0,66128.63,63854.0,64087.99,29567.52954,1721260799999,1922412273.08820950,1868671,14616.17013000,950725865.58566080,0,59938.741,59545.260299999994,1,28676.947914285713
2024-07-18,1721260800000,64087.99,65133.3,63238.48,63987.92,22568.7225,1721347199999,1449872437.64979730,1696742,11288.35191000,725073622.70567400,0,60116.74500000001,59653.78199999999,1,27649.471507142858
2024-07-19,1721347200000,63987.92,67386.0,63300.67,66660.0,35634.72739,1721433599999,2331517674.36865920,2184889,17971.06949000,1176753281.03832610,0,60400.411,59766.18425,1,29361.224434285712
2024-07-20,1721433600000,66660.01,67598.0,66222.46,67139.96,14386.92434,1721519999999,961878801.84822110,995093,6868.63454000,459313955.25348910,0,60618.8085,59877.1495,1,29222.53574142857
2024-07-21,1721520000000,67139.97,68366.66,65777.0,68165.34,21819.11191,1721606399999,1465757867.97474330,1322942,11412.05459000,766856991.84253770,0,60882.076,60003.75005,1,29314.07471857143
2024-07-22,1721606400000,68165.35,68474.55,66559.97,67532.01,21451.04303,1721692799999,1448418369.84670970,1558140,10263.95040000,693063991.11910680,0,61151.903000000006,60120.6546,1,26851.226837142858
2024-07-23,1721692800000,67532.0,67750.98,65441.08,65936.01,31406.15316,1721779199999,2088544473.32350770,1772089,15168.84798000,1008794779.03899120,0,61438.2745,60229.6091,1,25262.030267142858
2024-07-24,1721779200000,65936.0,67102.01,65111.0,65376.0,23082.56277,1721865599999,1526490826.46699670,1391053,10827.75551000,716084205.20164140,0,61854.574,60336.6475,1,24335.606442857144
2024-07-25,1721865600000,65376.01,66175.49,63456.7,65799.95,35126.42934,1721951999999,2266419771.22486380,1830360,16579.45258000,1070150879.36395480,0,62313.132000000005,60446.00215000001,1,26129.564562857144
2024-07-26,1721952000000,65799.95,68200.0,65722.63,67907.99,24244.36023,1722038399999,1630839588.69665470,1406982,12444.52129000,837159298.56635020,0,62797.025,60550.78689999999,1,24502.369254285713
2024-07-27,1722038400000,67908.0,69399.99,66650.0,67896.5,31710.21921,1722124799999,2162335067.02341760,1690591,15838.92820000,1080427116.19164440,0,63398.9595,60659.719399999994,1,26977.125664285715
2024-07-28,1722124800000,67896.49,68318.43,67066.66,68249.88,10868.69394,1722211199999,736755676.13774510,821210,5403.48694000,366295409.63502700,0,63975.722499999996,60767.69885,1,25412.78024
2024-07-29,1722211200000,68249.88,70079.99,66428.0,66784.69,36467.29633,1722297599999,2499265962.09145500,1952812,18196.23316000,1248743452.55767880,0,64412.45700000001,60869.926499999994,1,27557.95928285714
2024-07-30,1722297600000,66784.68,67000.0,65302.67,66188.0,23132.25441,1722383999999,1533270724.79942100,1622083,11096.82554000,735708436.02368670,0,64835.5645,60986.95285,1,26375.97374714286
2024-07-31,1722384000000,66188.0,66849.24,64530.0,64628.0,22625.43905,1722470399999,1489443332.59601170,1609976,10818.48504000,712275323.70693700,0,65199.97000000001,61095.8529,1,26310.670358571428
2024-08-01,1722470400000,64628.01,65659.78,62302.0,65354.02,35542.26854,1722556799999,2270877792.65867990,2397257,16886.93292000,1079221072.75802780,0,65573.21599999999,61213.96125,1,26370.07595857143
2024-08-02,1722556800000,65354.02,65596.14,61230.01,61498.33,38820.42937,1722643199999,2469588785.69815740,2457735,18202.35794000,1158565579.09029100,0,65687.93149999999,61308.897399999994,1,28452.37155
2024-08-03,1722643200000,61498.34,62198.22,59850.0,60697.99,28034.71567,1722729599999,1711555901.18010990,1669555,12947.95791000,790701622.63757370,0,65682.93549999999,61396.6976,1,27927.299615714284
2024-08-04,1722729600000,60697.99,61117.63,57122.77,58161.0,31616.52003,1722815999999,1874490041.54373530,1886195,14556.62470000,863334319.96789840,0,65354.7785,61473.6221,1,30891.274771428572
2024-08-05,1722816000000,58161.0,58305.59,49000.0,54018.81,162065.59186,1722902399999,8580928177.42990090,7568497,77363.26323000,4097736999.06792360,0,64803.51950000001,61537.07865,1,48833.88841857143
2024-08-06,1722902400000,54018.82,57040.99,53950.0,56022.01,55884.77676,1722988799999,3119018848.32988790,3433824,27934.19288000,1559417942.64908360,0,64400.220499999996,61608.89354999999,1,53512.82018285714
2024-08-07,1722988800000,56022.0,57736.05,54558.62,55134.16,44269.37684,1723075199999,2490553853.60258280,2397504,21897.14983000,1232415104.44728570,0,63957.532499999994,61676.08415,1,56604.81129571429
2024-08-08,1723075200000,55133.76,62745.14,54730.0,61685.99,48349.52949,1723161599999,2836312292.43181820,2603042,25676.29533000,1508140014.00051670,0,63708.831999999995,61776.61245,1,58434.42000285714
2024-08-09,1723161600000,61686.0,61744.37,59535.0,60837.99,30972.48017,1723247999999,1878350555.51226330,1827809,15023.05073000,911225295.62634360,0,63393.733499999995,61882.96230000001,1,57313.28440285714
2024-08-10,1723248000000,60837.99,61470.58,60242.0,60923.51,9995.20621,1723334399999,607372221.24603980,800499,4893.63854000,297435046.00250790,0,63031.64199999999,61988.09185,1,54736.21162285714
2024-08-11,1723334400000,60923.51,61858.0,58286.73,58712.59,19189.84512,1723420799999,1152081498.15677740,1319469,9094.74521000,546165456.95507360,0,62590.670999999995,62081.2304,1,52960.97235
2024-08-12,1723420800000,58712.59,60711.09,57642.21,59346.64,37009.91743,1723507199999,2186851067.31658610,2293837,18279.26596000,1080368631.14278460,0,62261.20249999999,62178.15815,1,35095.87600285715
2024-08-13,1723507200000,59346.64,61578.1,58392.88,60587.15,27858.95851,1723593599999,1668247896.84771860,1713485,13647.22341000,817397824.22938570,0,62021.759999999995,62271.976350000004,0,31092.18768142857
2024-08-14,1723593600000,60587.16,61800.0,58433.18,58683.39,28422.76326,1723679999999,1705464263.50586500,1729342,13263.89620000,796386901.36411660,0,61665.93199999999,62354.79014999999,0,28828.38574142857
2024-08-15,1723680000000,58683.39,59849.38,56078.54,57541.06,37686.17622,1723766399999,2194915865.05222870,2507858,17255.22311000,1005337423.72642390,0,61147.5855,62432.340149999996,0,27305.049559999996
2024-08-16,1723766400000,57541.05,59817.76,57098.62,58874.6,27610.84344,1723852799999,1614654900.33327160,1999539,13963.51824000,816740633.54544620,0,60696.4905,62510.199649999995,0,26824.815741428574
2024-08-17,1723852800000,58874.59,59700.0,58785.05,59491.99,7721.72931,1723939199999,457737705.77228390,807159,3871.65310000,229477473.80983910,0,60258.596000000005,62592.9541,0,26500.033327142857
2024-08-18,1723939200000,59491.99,60284.99,58408.92,58427.35,13634.85717,1724025599999,813166580.72648510,1099730,6660.58254000,397459480.87198230,0,59840.72899999999,62672.19085,0,25706.463620000002
2024-08-19,1724025600000,58427.35,59617.63,57787.3,59438.5,22809.31251,1724111999999,1336287900.19763400,1636295,11350.30776000,665066212.75953550,0,59503.25399999999,62753.968649999995,0,23677.805774285713
2024-08-20,1724112000000,59438.5,61400.0,58548.23,59013.8,31477.44548,1724198399999,1890620149.79102020,1904519,16041.22019000,964180516.15293990,0,59222.543999999994,62833.03765,0,24194.732484285712
2024-08-21,1724198400000,59013.8,61820.93,58783.47,61156.03,27983.6422,1724284799999,1682529555.09605460,1981525,14156.90984000,851829721.39945480,0,59012.64450000001,62923.76235,0,24132.000904285716
2024-08-22,1724284800000,61156.03,61400.0,59724.87,60375.84,21241.20588,1724371199999,1288544247.95601750,1718280,10269.33376000,623042041.07817350,0,58956.52,63012.72715,0,21782.719427142853
2024-08-23,1724371200000,60375.83,64955.0,60342.14,64037.24,38118.07089,1724457599999,2375916932.79354870,2555682,20372.88336000,1270318490.02577540,0,59123.482500000006,63119.369849999995,0,23283.751920000002
2024-08-24,1724457600000,64037.24,64494.5,63531.0,64157.01,15857.15616,1724543999999,1015774255.17407640,1551856,7643.02686000,489673236.65980020,0,59423.28300000001,63224.660149999996,0,24445.955755714287
2024-08-25,1724544000000,64157.02,65000.0,63773.27,64220.0,12305.47977,1724630399999,789935122.99302420,1263065,6315.72233000,405555580.86044380,0,59933.342500000006,63324.012149999995,0,24256.04469857143
2024-08-26,1724630400000,64219.99,64481.0,62800.0,62834.0,19470.05276,1724716799999,1238341818.43201660,2152841,8995.67609000,572188217.62956750,0,60273.941999999995,63411.7389,0,23779.007591428566
2024-08-27,1724716800000,62834.0,63212.0,58034.01,59415.0,35135.94178,1724803199999,2158144642.99299270,2995281,15873.15360000,975361314.87765910,0,60487.98400000001,63473.15005,0,24301.649919999996
2024-08-28,1724803200000,59415.0,60234.98,57860.0,59034.9,36868.54275,1724889599999,2183054412.97408700,3664134,17135.91162000,1014904733.06851290,0,60355.429500000006,63529.5691,0,25570.921427142857
2024-08-29,1724889600000,59034.9,61166.99,58713.09,59359.01,27020.90743,1724975999999,1617931684.25857600,2743900,13152.38590000,787682410.35188690,0,60281.480500000005,63584.864199999996,0,26396.593077142858
2024-08-30,1724976000000,59359.0,59944.07,57701.1,59123.99,28519.32195,1725062399999,1680918972.46584970,2845696,13783.34749000,812769089.28498120,0,60191.5045,63630.897800000006,0,25025.34322857143
2024-08-31,1725062400000,59123.99,59462.38,58744.0,58973.99,8798.409,1725148799999,519849184.86904460,895944,4195.93079000,247955494.35915920,0,60204.5745,63677.2698,0,24016.950777142858
2024-09-01,1725148800000,58974.0,59076.59,57201.0,57301.86,20705.15741,1725235199999,1202176847.39105850,2153180,9651.50531000,560452387.89854740,0,60102.3355,63704.80324999999,0,25216.90472571429
2024-09-02,1725235200000,57301.77,59425.69,57128.0,59132.13,22895.01461,1725321599999,1333092369.44656860,1966119,11295.25452000,657496577.63048030,0,60029.5845,63741.063899999994,0,25706.18499
2024-09-03,1725321600000,59132.12,59809.65,57415.0,57487.73,22828.18447,1725407999999,1335076815.85992480,2208758,10979.79204000,642252673.11321130,0,59969.8015,63767.882000000005,0,23947.933945714285
2024-09-04,1725408000000,57487.74,58519.0,55606.0,57970.9,35560.82146,1725494399999,2027630870.17967540,3177549,16861.75483000,961923197.77825300,0,59991.29349999999,63799.5233,0,23761.11661857143
2024-09-05,1725494400000,57970.9,58327.07,55643.65,56180.0,27806.91413,1725580799999,1577770853.10079750,3368058,12955.88970000,734996919.35909540,0,59856.56349999999,63819.73494999999,0,23873.40329
2024-09-06,1725580800000,56180.0,57008.0,52550.0,53962.97,54447.76826,1725667199999,2988914918.92433420,5287281,25325.18849000,1390546230.88109310,0,59580.1125,63830.67615,0,27577.467048571427
2024-09-07,1725667200000,53962.97,54850.0,53745.54,54160.86,16694.04774,1725753599999,905693342.58983220,1920923,8023.90683000,435381439.00959560,0,59366.788,63840.186349999996,0,28705.41544
2024-09-08,1725753600000,54160.86,55318.0,53629.01,54869.95,16274.14779,1725839999999,885743172.91847590,1796092,8031.76084000,437221897.11041520,0,59138.360499999995,63855.28915,0,28072.414065714285
2024-09-09,1725840000000,54869.95,58088.0,54591.96,57042.0,32384.51737,1725926399999,1809715390.04932940,3355912,16412.83148000,917669512.22202930,0,59039.7705,63884.05705,0,29428.05731714286
2024-09-10,1725926400000,57042.01,58044.36,56386.4,57635.99,23626.78126,1726012799999,1349365460.09005710,2843148,11690.37506000,667774722.69939110,0,58863.76849999999,63918.51625,0,29542.142572857145
2024-09-11,1726012800000,57635.99,57981.71,55545.19,57338.0,33026.56757,1726099199999,1875738697.37841530,4045103,15979.30786000,907634258.56498910,0,58711.87649999999,63947.365150000005,0,29180.106302857144
2024-09-12,1726099200000,57338.0,58588.0,57324.0,58132.32,31074.40631,1726185599999,1802848638.07570170,3706764,14783.00418000,857572456.51008690,0,58416.63049999999,63979.38249999999,0,29646.8909
2024-09-13,1726185600000,58132.31,60625.0,57632.62,60498.0,29825.23333,1726271999999,1760671733.54929960,3378012,15395.13731000,909141733.97476540,0,58233.68000000001,64009.49015,0,26129.385910000005
2024-09-14,1726272000000,60497.99,60610.45,59400.0,59993.03,12137.90901,1726358399999,728527024.34169630,1288784,5570.22098000,334303099.74321360,0,58022.33150000001,64024.2686,0,25478.50894857143
2024-09-15,1726358400000,59993.02,60395.8,58691.05,59132.0,13757.92361,1726444799999,822410872.39069560,1552950,6431.24697000,384460724.57039670,0,57837.231499999994,64007.76810000001,0,25119.04835142857
2024-09-16,1726444800000,59132.0,59210.7,57493.3,58213.99,26477.5642,1726531199999,1543273198.70274520,3145152,12859.75840000,749563220.80605080,0,57777.181,63993.183150000004,0,24275.19789857143
2024-09-17,1726531200000,58213.99,61320.0,57610.01,60313.99,33116.25878,1726617599999,1983378424.77570380,3918209,16390.65993000,981860543.27358150,0,57841.1355,63982.8136,0,25630.83754428571
2024-09-18,1726617600000,60313.99,61786.24,59174.8,61759.99,36087.02469,1726703999999,2174000496.82077610,5167671,18429.59712000,1110622778.75108520,0,57961.184499999996,63981.677149999996,0,26068.045704285712
2024-09-19,1726704000000,61759.98,63850.0,61555.0,62947.99,34332.52608,1726790399999,2153175931.17387170,4438284,17609.62958000,1104427424.52469690,0,58152.3845,63980.84725,0,26533.491385714286
2024-09-20,1726790400000,62948.0,64133.32,62350.0,63201.05,25466.37794,1726876799999,1611195963.99080440,3969296,12411.32227000,785440558.81257280,0,58363.7375,63955.623949999994,0,25910.797758571425
2024-09-21,1726876800000,63201.05,63559.9,62758.0,63348.96,8375.34608,1726963199999,528657852.31830240,1283611,3877.73743000,244802615.78455930,0,58666.092500000006,63953.74869999999,0,25373.28876857143
2024-09-22,1726963200000,63348.97,64000.0,62357.93,63578.76,14242.19892,1727049599999,897477338.37351270,2145736,6923.17369000,436456231.95378810,0,58888.424,63941.272300000004,0,25442.470955714285
2024-09-23,1727049600000,63578.76,64745.88,62538.75,63339.99,24078.05287,1727135999999,1531015038.36802670,3999187,12331.07643000,784350440.71456530,0,59181.037,63923.8564,0,25099.68362285714
2024-09-24,1727136000000,63339.99,64688.0,62700.0,64262.7,23185.04759,1727222399999,1472720338.85629160,3870157,11522.89363000,732118662.41710540,0,59495.627,63904.548950000004,0,23680.939167142857
2024-09-25,1727222400000,64262.7,64817.99,62947.08,63152.01,17813.11168,1727308799999,1135250828.27321490,3355531,8384.67983000,534590429.21054930,0,59844.2275,63878.74265,0,21070.380165714283
2024-09-26,1727308800000,63152.01,65839.0,62670.0,65173.99,28373.30593,1727395199999,1831204595.94489680,4361333,15041.98860000,971176161.38708060,0,60404.77849999999,63859.8332,0,20219.063001428574
2024-09-27,1727395200000,65173.99,66498.0,64819.9,65769.95,22048.80487,1727481599999,1448852210.36022120,3498529,11092.85716000,729156061.36792320,0,60985.23299999999,63828.29245,0,19730.838277142855
2024-09-28,1727481600000,65769.95,66260.0,65422.23,65858.0,9127.23316,1727567999999,600118483.12225210,1341703,4501.22534000,296026669.83370660,0,61534.6355,63800.32239999999,0,19838.25071714286
2024-09-29,1727568000000,65858.0,66076.12,65432.0,65602.01,8337.74111,1727654399999,547980013.71523030,1413449,4132.93780000,271622295.35352910,0,61962.636,63762.9704,0,18994.756744285714
2024-09-30,1727654400000,65602.01,65618.8,62856.3,63327.59,30011.08752,1727740799999,1920250261.74421610,3978584,14451.93044000,924324016.73584480,0,62247.216,63722.663649999995,0,19842.333122857144
2024-10-01,1727740800000,63327.6,64130.63,60164.0,60805.78,43671.48108,1727827199999,2723672081.83262550,5607069,20951.74486000,1308603194.33104010,0,62420.605,63679.1933,0,22768.96647857143
2024-10-02,1727827200000,60804.92,62390.31,60000.0,60649.28,31534.70118,1727913599999,1928377637.83678390,5313210,15719.32519000,961468320.51547270,0,62546.453,63655.93654999999,0,24729.19355
2024-10-03,1727913600000,60649.27,61477.19,59828.11,60752.71,26221.43472,1727999999999,1590773866.80744340,5244004,12906.51464000,783073701.73311730,0,62559.188500000004,63617.73270000001,0,24421.783377142856
2024-10-04,1728000000000,60752.72,62484.85,60459.9,62086.0,21294.65994,1728086399999,1311145630.50204980,3798631,10689.34488000,658151113.93518280,0,62663.837,63590.11275,0,24314.04838714286
2024-10-05,1728086400000,62086.0,62370.56,61689.26,62058.0,7807.46141,1728172799999,484588468.34191230,1183175,3690.55536000,229107774.75427000,0,62810.137,63590.71575,0,24125.509565714285
2024-10-06,1728172800000,62058.01,62975.0,61798.97,62819.91,8906.86177,1728259199999,555669634.47735140,1556553,4798.29924000,299426562.83034480,0,63040.433,63565.61275,0,24206.81251714286
2024-10-07,1728259200000,62819.91,64478.19,62128.0,62224.0,25966.1852,1728345599999,1646315506.57919460,4809342,12760.73415000,809108823.51261260,0,63135.9335,63549.22640000001,0,23628.969328571427
2024-10-08,1728345600000,62224.01,63200.0,61860.31,62160.49,19702.22371,1728431999999,1230076253.81865700,3798438,9614.36947000,600357593.78737790,0,63155.95849999999,63541.04565000001,0,20204.789704285715
2024-10-09,1728432000000,62160.5,62543.75,60301.0,60636.02,20011.15684,1728518399999,1234778807.59324170,3668363,9454.70171000,583725546.03098850,0,63040.36,63524.275700000006,0,18558.56908428571
2024-10-10,1728518400000,60636.01,61321.68,58946.0,60326.39,23967.92481,1728604799999,1445604381.93637920,3872577,10827.77272000,653182369.94276710,0,62896.627,63489.85769999999,0,18236.63909714286
2024-10-11,1728604800000,60326.4,63417.56,60087.64,62540.0,23641.35209,1728691199999,1462219576.84986490,3222180,12099.56755000,748431117.91657060,0,62856.179000000004,63453.157649999994,0,18571.880832857143
2024-10-12,1728691200000,62539.99,63480.0,62487.23,63206.22,10911.30116,1728777599999,686978508.98875430,1770837,5196.91695000,327263147.47604010,0,62837.552,63419.24875,0,19015.28651142857
2024-10-13,1728777600000,63206.23,63285.72,62050.0,62870.02,11909.21995,1728863999999,746564374.20823870,2242529,5855.04617000,367046338.91942090,0,62814.0535,63386.2489,0,19444.194822857145
2024-10-14,1728864000000,62870.02,66500.0,62457.81,66083.99,37669.95222,1728950399999,2450094472.81354500,4977577,19941.11906000,1297062359.24748640,0,62905.118,63362.765849999996,0,21116.16154
2024-10-15,1728950400000,66084.0,67950.0,64800.01,67074.14,43683.95423,1729036799999,2894021862.31951800,6245619,21820.68200000,1446378130.56598510,0,63101.2245,63348.88385,0,24542.12304285714
2024-10-16,1729036800000,67074.14,68424.0,66750.49,67620.01,29938.25544,1729123199999,2024560410.10626740,5109685,15212.87402000,1029210667.47582840,0,63223.5255,63339.073,0,25960.279985714285
2024-10-17,1729123200000,67620.0,67939.4,66666.0,67421.78,25328.22861,1729209599999,1702164439.56545950,3981960,12153.94712000,816887407.40423790,0,63306.117000000006,63319.78185,0,26154.6091
2024-10-18,1729209600000,67421.78,69000.0,67192.36,68428.0,28725.635,1729295999999,1959735899.87696440,4010969,14218.17850000,970440964.26681170,0,63434.617000000006,63313.672849999995,1,26880.93523
2024-10-19,1729296000000,68427.99,68693.26,68010.0,68378.0,8193.66737,1729382399999,559628628.96131050,1152428,4071.19627000,278085065.51769250,0,63573.41650000001,63328.2429,1,26492.70183142857
2024-10-20,1729382400000,68377.99,69400.0,68100.0,69031.99,12442.47378,1729468799999,854082429.81058610,1563795,6772.92574000,465001555.93098300,0,63858.6365,63343.586449999995,1,26568.88095
2024-10-21,1729468800000,69032.0,69519.52,66840.67,67377.5,31374.42184,1729555199999,2130833593.54669770,3686777,13593.60828000,923860758.42088440,0,64187.222499999996,63338.035,1,25669.519467142854
2024-10-22,1729555200000,67377.5,67836.01,66571.42,67426.0,24598.96268,1729641599999,1654285791.66055570,3669291,12400.51857000,834160889.23987370,0,64526.0585,63336.06189999999,1,22943.09210285714
2024-10-23,1729641600000,67426.01,67472.83,65260.0,66668.65,25530.2407,1729727999999,1695101430.91874660,3807365,11888.33995000,789384635.11068600,0,64821.85549999999,63324.925149999995,1,22313.375711428573
2024-10-24,1729728000000,66668.65,68850.0,66510.0,68198.28,22589.83877,1729814399999,1526736320.91293800,3797462,11502.58514000,777936396.52474600,0,65127.46949999999,63319.1146,1,21922.177162857144
2024-10-25,1729814400000,68198.27,68771.49,65596.29,66698.33,34479.71125,1729900799999,2320667435.29325390,5332593,16031.03200000,1079347459.15496360,0,65359.486,63294.50625,1,22744.188055714283
2024-10-26,1729900800000,66698.32,67454.55,66439.9,67092.76,11842.9077,1729987199999,792887047.14789200,2373501,6069.18986000,406369780.15329440,0,65573.1285,63284.24005,1,23265.50810285714
2024-10-27,1729987200000,67092.76,68332.05,66913.73,68021.7,8653.19592,1730073599999,585006148.47048090,1771989,4417.73620000,298699666.99843930,0,65863.0135,63271.19315000001,1,22724.18269428571
2024-10-28,1730073600000,68021.69,70270.0,67618.0,69962.21,29046.75459,1730159999999,2005105729.81744490,4432446,15218.34976000,1051606096.42982590,0,66253.0995,63270.97305,1,22391.65880142857
2024-10-29,1730160000000,69962.21,73620.12,69760.0,72736.42,50128.60594,1730246399999,3602465986.89175740,5645430,26898.46516000,1932608784.16303730,0,66858.1195,63299.07255,1,26038.750695714287
2024-10-30,1730246400000,72736.41,72961.0,71436.0,72344.74,26885.99056,1730332799999,1941210537.28828680,4040734,13487.21433000,973898183.74672780,0,67459.037,63341.1737,1,26232.429247142856
2024-10-31,1730332800000,72344.75,72700.0,69685.76,70292.01,29352.10297,1730419199999,2091144977.49468470,4525542,14205.13879000,1012048241.84989380,0,67846.6375,63364.32454999999,1,27198.466989999997
2024-11-01,1730419200000,70292.01,71632.95,68820.14,69496.01,38301.86755,1730505599999,2677358022.00497000,4569271,18044.16220000,1261663986.75969040,0,68161.12700000001,63394.70465000001,1,27744.489318571428
2024-11-02,1730505600000,69496.0,69914.37,69000.14,69374.74,10521.67243,1730591999999,731232427.63115480,1603561,5227.50713000,363370734.81580110,0,68486.363,63422.611399999994,1,27555.74142285714
2024-11-03,1730592000000,69374.74,69391.0,67478.73,68775.99,24995.70243,1730678399999,1709666206.40620230,3668029,12277.58177000,839939073.13895770,0,68620.963,63460.104499999994,1,29890.38521
2024-11-04,1730678400000,68775.99,69500.0,66835.0,67850.01,29800.39187,1730764799999,2033902307.00277610,5377048,14927.24077000,1019257547.52468490,0,68659.7565,63482.00415,1,29998.047678571427
2024-11-05,1730764800000,67850.01,70577.91,67476.63,69372.01,33355.06888,1730851199999,2310418908.06992200,4955644,17059.88663000,1181816730.92378330,0,68747.35650000001,63509.77415,1,27601.828098571426
2024-11-06,1730851200000,69372.01,76400.0,69298.0,75571.99,104126.994787,1730937599999,7702283270.25800886,8434184,53243.88442700,3938516657.23273316,0,69154.867,63562.93114999999,1,38636.25727385714
2024-11-07,1730937600000,75571.99,76849.99,74416.0,75857.89,44869.422345,1731023999999,3391796661.97195520,5207722,21805.46029500,1648278335.30073320,0,69526.3615,63617.51485000001,1,40853.01718457143
2024-11-08,1731024000000,75857.89,77199.99,75555.0,76509.78,36521.099583,1731110399999,2784449097.53151828,4877489,17555.39363300,1339019332.19671258,0,69932.9505,63665.96715,1,40598.62176071428
2024-11-09,1731110400000,76509.78,76900.0,75714.66,76677.46,16942.07915,1731196799999,1294709001.60288990,2585264,8032.79327000,614028515.30017060,0,70315.224,63717.28445000001,1,41515.822720714285
2024-11-10,1731196800000,76677.46,81500.0,76492.0,80370.01,61830.100435,1731283199999,4905441473.90073684,7128598,32751.01217700,2597409399.23496312,0,70964.8495,63797.686550000006,1,46777.87957857143
2024-11-11,1731283200000,80370.01,89530.54,80216.01,88647.99,82323.665776,1731369599999,6944268709.94272134,9348890,42837.29531400,3613896167.37191224,0,72025.949,63918.4348,1,54281.204422285715
2024-11-12,1731369600000,88648.0,89940.0,85072.0,87952.01,97299.887911,1731455999999,8540084566.27981860,11499058,49589.33345100,4353451682.82940400,0,73090.117,64039.34479999999,1,63416.17856957142
2024-11-13,1731456000000,87952.0,93265.64,86127.99,90375.2,86763.854127,1731542399999,7790928962.04303818,11962100,44342.32932700,3983689817.40144438,0,74198.963,64173.910899999995,1,60935.72990385715
2024-11-14,1731542400000,90375.21,91790.0,86668.21,87325.59,56729.51086,1731628799999,5073860815.92866480,9828858,27940.85600000,2499212755.77314710,0,75230.326,64294.94575,1,62630.028263142856
2024-11-15,1731628800000,87325.59,91850.0,87073.38,91032.07,47927.95068,1731715199999,4276238971.18142940,8009111,24800.61087000,2213154236.50961540,0,76427.2915,64430.776099999995,1,64259.57841985714
2024-11-16,1731715200000,91032.08,91779.66,90056.17,90586.92,22717.87689,1731801599999,2067958511.90484730,4239455,11496.31366000,1046686701.00294610,0,77555.5525,64580.350699999995,1,65084.69238271429
2024-11-17,1731801600000,90587.98,91449.99,88722.0,89855.99,23867.55609,1731887999999,2153871724.81039480,4930719,11852.78227000,1070094820.67389380,0,78550.2415,64737.8058,1,59661.471762
2024-11-18,1731888000000,89855.98,92594.0,89376.9,90464.08,46545.03448,1731974399999,4239909950.66189400,7161125,23628.87098000,2153158394.31631090,0,79436.6245,64894.82315,1,54550.23871971429
2024-11-19,1731974400000,90464.07,93905.51,90357.0,92310.79,43660.04682,1732060799999,4025108502.84961394,5647789,22127.85272400,2040301638.11617274,0,80434.927,65041.96705,1,46887.40427814286
2024-11-20,1732060800000,92310.8,94831.97,91500.0,94286.56,42203.198712,1732147199999,3950932314.64606898,7365987,20425.30796200,1912348704.24726208,0,81634.65449999999,65193.93965,1,40521.596361714284
2024-11-21,1732147200000,94286.56,98988.0,94040.0,98317.12,69228.360477,1732233599999,6722807908.32565552,9048605,35424.06322700,3440467290.31852712,0,83075.70999999999,65365.46525,1,42307.146307
2024-11-22,1732233600000,98317.12,99588.01,97122.11,98892.0,46189.309243,1732319999999,4555536773.36320499,7271311,22709.66819300,2240635299.64648389,0,84551.573,65544.0993,1,42058.768958857145
2024-11-23,1732320000000,98892.0,98908.85,97136.0,97672.4,24757.84367,1732406399999,2431609866.32951430,3839138,11176.24870000,1097538914.94125850,0,85996.39349999999,65720.9009,1,42350.19278457143
2024-11-24,1732406400000,97672.4,98564.0,95734.77,97900.04,31200.97838,1732492799999,3034172011.95178840,4964720,15124.12176000,1471313633.74677250,0,87498.89499999999,65904.43595,1,43397.82454028572
2024-11-25,1732492800000,97900.05,98871.8,92600.19,93010.01,50847.45096,1732579199999,4883444806.32219350,8289691,23486.92705000,2255516841.61021860,0,88680.795,66054.11594999999,1,44012.455466
2024-11-26,1732579200000,93010.01,94973.37,90791.1,91965.16,57858.73138,1732665599999,5370918648.81816690,10225809,29120.26765000,2702543576.08910800,0,89500.45349999999,66209.9418,1,46040.83897457143
2024-11-27,1732665600000,91965.16,97208.21,91792.14,95863.11,41153.42734,1732751999999,3894358511.61756510,6648690,20316.58245000,1922620637.30761870,0,90500.7145,66385.1274,1,45890.87163571429
2024-11-28,1732752000000,95863.11,96564.0,94640.0,95643.98,28814.54357,1732838399999,2749861591.25960980,4988161,14805.69321000,1412851841.07519470,0,91457.4245,66555.92735,1,40117.46922042857
2024-11-29,1732838400000,95643.99,98619.99,95364.99,97460.0,27701.78231,1732924799999,2690451030.63428740,5094070,13840.21172000,1344148785.26364260,0,92496.5515,66728.52695,1,37476.393944285715
2024-11-30,1732924800000,97460.0,97463.95,96092.01,96407.99,14503.83306,1733011199999,1402672950.69982080,3354759,7075.91503000,684284805.02344440,0,93298.4505,66902.67945,1,36011.535285714286
2024-12-01,1733011200000,96407.99,97836.0,95693.88,97185.18,16938.60452,1733097599999,1641327626.60622060,3342200,8114.89569000,786489040.19363780,0,93725.31,67057.57285,1,33974.05330571428
2024-12-02,1733097600000,97185.17,98130.0,94395.0,95840.62,37958.66981,1733183999999,3646639621.73758780,7560103,18821.93327000,1808458555.89058410,0,94119.7405,67210.5999,1,32132.798855714285
2024-12-03,1733184000000,95840.61,96305.52,93578.17,95849.69,35827.32283,1733270399999,3413995542.01865610,5361712,17339.11167000,1652090703.17559560,0,94393.465,67354.72835,1,28985.454777142855
2024-12-04,1733270400000,95849.69,99000.0,94587.83,98587.32,43850.53728,1733356799999,4241994533.78610610,6648724,22033.60112000,2132655972.04500000,0,94956.5515,67513.08895,1,29370.756197142855
2024-12-05,1733356800000,98587.32,104088.0,90500.0,96945.63,109921.729662,1733443199999,11048002942.14993118,12012364,56235.07835600,5657171374.76345580,0,95252.22949999999,67666.44704999999,1,40957.49706742858
2024-12-06,1733443200000,96945.63,101898.99,95981.72,99740.84,45049.5331,1733529599999,4456641685.36444370,6919102,21999.62416000,2175645718.55336060,0,95709.9255,67807.91815,1,43435.74718028571
2024-12-07,1733529600000,99740.84,100439.18,98844.0,99831.99,14931.9459,1733615999999,1487953846.83854580,2634566,6776.55000000,675350661.29733480,0,96208.7255,67956.3364,1,43496.90615742857
2024-12-08,1733616000000,99831.99,101351.0,98657.7,101109.59,14612.99688,1733702399999,1459576946.40215100,2994709,7152.80173000,714745738.91883560,0,96741.001,68116.05125,1,43164.676494571424
2024-12-09,1733702400000,101109.6,101215.93,94150.05,97276.47,53949.11595,1733788799999,5283626995.70564880,8445872,25472.08477000,2495722030.53709450,0,96989.285,68262.58535000001,1,45449.02594314285
2024-12-10,1733788800000,97276.48,98270.0,94256.54,96593.0,51708.68933,1733875199999,4988660195.09242860,11556189,24523.09586000,2367164879.17077290,0,97104.607,68402.80040000001,1,47717.792586
2024-12-11,1733875200000,96593.0,101888.0,95658.24,101125.0,37753.78291,1733961599999,3745703763.01844990,8250511,19112.84559000,1897146318.21117040,0,97245.001,68561.97255,1,46846.827676
2024-12-12,1733961600000,101125.0,102540.0,99311.64,100004.29,29232.08745,1734047999999,2949462583.86617050,8066322,14175.88661000,1430984456.67036050,0,97300.61549999999,68719.45565,1,35319.73593142857
2024-12-13,1734048000000,100004.29,101895.26,99205.0,101424.25,21904.03923,1734134399999,2203903393.07410050,5481660,10669.09365000,1073720887.63545590,0,97488.208,68879.39475,1,32013.236807142857
2024-12-14,1734134400000,101424.24,102650.0,100609.41,101420.0,14191.70326,1734220799999,1441594367.04631920,3374538,6790.24676000,689981854.13948960,0,97664.20599999999,69044.5028,1,31907.487858571432
2024-12-15,1734220800000,101420.0,105250.0,101237.14,104463.99,22228.921775,1734307199999,2290462903.83579120,3638809,12668.89435500,1305611448.30009750,0,98236.905,69228.56065,1,32995.47712928571
2024-12-16,1734307200000,104463.99,107793.07,103333.0,106058.66,41302.40274,1734393599999,4364964400.63455291,8048054,20349.09950000,2150550899.24752251,0,98941.58,69417.0931,1,31188.803813571427
2024-12-17,1734393600000,106058.65,108353.0,105321.49,106133.74,29064.936466,1734479999999,3103833327.77510671,7212799,14187.32044600,1515158210.55198001,0,99455.1115,69610.06175,1,27953.981975857143
2024-12-18,1734480000000,106133.74,106524.98,100000.0,100204.01,50307.99755,1734566399999,5194263316.25923660,8762120,23308.37525000,2407213144.26949820,0,99683.113,69772.24755,1,29747.441210142853
2024-12-19,1734566400000,100204.01,102800.11,95700.0,97461.86,55147.398,1734652799999,5487546517.70775260,7273941,26898.63715000,2677636003.90650610,0,99683.20599999999,69920.7287,1,33449.62843157143
2024-12-20,1734652800000,97461.86,98233.0,92232.54,97805.44,62884.1357,1734739199999,6022845238.83232620,7429007,29463.23021000,2822939306.66307790,0,99753.0785,70065.7064,1,39303.92792728572
2024-12-21,1734739200000,97805.44,99540.61,96398.39,97291.99,23483.54143,1734825599999,2296232055.19592620,3717638,11726.94119000,1146732451.42181330,0,99758.41900000001,70199.47714999999,1,40631.33338014286
2024-12-22,1734825600000,97292.0,97448.08,94250.35,95186.27,19353.83036,1734911999999,1857819866.36039980,3633551,9293.39749000,892081877.76277080,0,99725.7015,70319.8685,1,40220.60603514285
2024-12-23,1734912000000,95186.28,96538.92,92520.0,94881.47,32810.76703,1734998399999,3100007213.49456320,5464919,16339.58355000,1544707289.74436910,0,99677.2905,70440.28055,1,39007.51521942858
2024-12-24,1734998400000,94881.47,99487.99,93569.02,98663.58,23674.22488,1735084799999,2287214424.70647590,3421549,11969.25390000,1156798174.58232600,0,99681.1035,70586.82045,1,38237.41356428572
2024-12-25,1735084800000,98663.58,99569.15,97632.02,99429.6,14474.1651,1735171199999,1426143976.04936360,3283028,7006.52650000,690465056.58718590,0,99805.302,70737.41615,1,33118.294642857145
2024-12-26,1735171200000,99429.61,99963.7,95199.14,95791.6,21192.36727,1735257599999,2049123567.38677240,5203490,10071.87249000,973940616.12924430,0,99607.84,70868.13345,1,28267.575967142857
2024-12-27,1735257600000,95791.6,97544.58,93500.01,94299.03,26501.26429,1735343999999,2528567849.77946140,5718866,12945.51657000,1235623739.05781850,0,99331.19200000001,70991.9286,1,23070.022908571435
2024-12-28,1735344000000,94299.03,95733.99,94135.66,95300.0,8385.8929,1735430399999,794651624.83495550,2732061,4203.59876000,398416342.12816700,0,99040.7125,71131.85740000001,1,20913.215975714287
2024-12-29,1735430400000,95300.0,95340.0,93009.52,93738.2,13576.00578,1735516799999,1278370863.97684710,2865838,5651.38589000,532195414.10274130,0,98863.799,71259.22845,1,20087.81246428572
2024-12-30,1735516800000,93738.19,95024.5,91530.45,92792.05,27619.4225,1735603199999,2573126059.76947800,5560563,13092.19646000,1220209278.25232730,0,98673.7515,71389.32365,1,19346.19181714286
2024-12-31,1735603200000,92792.05,96250.0,92033.73,93576.0,19612.03389,1735689599999,1845718801.92270400,3347847,9687.96775000,911716321.60540200,0,98296.3015,71526.9837,1,18765.87881857143
2025-01-01,1735689600000,93576.0,95151.15,92888.0,94591.79,10373.32613,1735775999999,975444194.13799830,1516556,5347.73648000,502914035.64059070,0,98025.6765,71668.8014,1,18180.04468
2025-01-02,1735776000000,94591.78,97839.5,94392.0,96984.79,21970.48948,1735862399999,2118411852.68127950,3569079,10915.96986000,1052226710.33367170,0,97803.7035,71820.341,1,18291.204995714284
2025-01-03,1735862400000,96984.79,98976.91,96100.01,98174.18,15253.82936,1735948799999,1486610768.59079170,2851164,7468.60797000,727787246.89655880,0,97641.4125,71978.69025,1,16684.42857714286
2025-01-04,1735948800000,98174.17,98778.43,97514.79,98220.5,8990.05651,1736035199999,881223751.63536030,1559982,4350.80221000,426524714.13055390,0,97329.23799999998,72143.91615,1,16770.737664285713
2025-01-05,1736035200000,98220.51,98836.85,97276.79,98363.61,8095.63723,1736121599999,793931715.95463240,1685799,3877.90985000,380355340.46860360,0,96944.4855,72310.86235000001,1,15987.827871428572
2025-01-06,1736121600000,98363.61,102480.0,97920.0,102235.6,25263.43375,1736207999999,2540561688.77714340,3853702,12539.59534000,1260943259.46625620,0,96749.5785,72497.6904,1,15651.25805
2025-01-07,1736208000000,102235.6,102724.38,96181.81,96954.61,32059.87537,1736294399999,3170421659.71723590,4480562,14815.11453000,1464336049.70553450,0,96587.1085,72661.74565,1,17429.52111857143
2025-01-08,1736294400000,96954.6,97268.65,92500.9,95060.61,33704.67894,1736380799999,3205849081.11296200,5171208,15803.85091000,1503791328.69930850,0,96467.046,72815.73865,1,20762.57152
2025-01-09,1736380800000,95060.61,95382.32,91203.67,92552.49,34544.83685,1736467199999,3217669887.24539790,6027161,15323.62663000,1427812152.27276120,0,96204.3985,72962.45105,1,22558.90685857143
2025-01-10,1736467200000,92552.49,95836.0,92206.02,94726.11,31482.86424,1736553599999,2962085343.28370360,5531444,15617.43823000,1469711545.65712720,0,96076.10449999999,73134.6151,1,24877.340412857146
2025-01-11,1736553600000,94726.1,95050.94,93831.73,94599.99,7047.9043,1736639999999,665685994.93301000,1496191,3412.37671000,322346977.43545530,0,96046.7905,73298.585,1,24599.89009714286
2025-01-12,1736640000000,94599.99,95450.1,93711.19,94545.06,8606.86622,1736726399999,813278829.65839490,1658863,4028.33031000,380691769.91844270,0,96029.97,73466.98535,1,24672.92281
2025-01-13,1736726400000,94545.07,95940.0,89256.69,94536.1,42619.56423,1736812799999,3930666134.34745740,5740963,19473.88042000,1797888178.84960790,0,95823.59599999999,73631.13350000001,1,27152.37002142857
2025-01-14,1736812800000,94536.11,97371.0,94346.22,96560.86,27846.61753,1736899199999,2676048470.35695040,4532923,14248.69616000,1369464111.69349600,0,95680.159,73811.7986,1,26550.476044285715
2025-01-15,1736899200000,96560.85,100681.94,96500.0,100497.35,30509.99179,1736985599999,3006242382.88679460,3487945,15494.17873000,1527728226.30833280,0,95915.44649999999,74009.35195,1,26094.092165714286
2025-01-16,1736985600000,100497.35,100866.66,97335.13,99987.3,27832.85317,1737071999999,2765162040.63979910,3762755,13513.53707000,1342462621.62732850,0,96199.86,74195.4284,1,25135.237354285713
2025-01-17,1737072000000,99987.3,105865.22,99950.77,104077.48,39171.85292,1737158399999,4040993985.47504680,3886907,20673.21300000,2131223293.20484620,0,96638.734,74401.31585,1,26233.664308571428
2025-01-18,1737158400000,104077.47,104988.88,102277.55,104556.23,24307.82998,1737244799999,2521522119.37952530,3403162,11607.51274000,1204170928.37481190,0,97179.6355,74613.41965,1,28699.367977142858
2025-01-19,1737244800000,104556.23,106422.43,99651.6,101331.57,43397.28298,1737331199999,4513423971.41025210,5271920,21079.51082000,2193270771.00194450,0,97606.6115,74819.0346,1,33669.427514285715
2025-01-20,1737331200000,101331.57,109588.0,99550.0,102260.01,89529.231732,1737417599999,9398787064.32071500,11597937,44770.52949200,4704453254.51538250,0,98040.812,75045.0846,1,40370.808586
2025-01-21,1737417600000,102260.0,107240.81,100119.04,106143.82,45941.02002,1737503999999,4768512258.15650130,6842980,23227.02741000,2411854258.51271880,0,98618.4135,75292.65974999999,1,42955.72322742857
2025-01-22,1737504000000,106143.82,106394.46,103339.12,103706.66,22248.69254,1737590399999,2331144640.65857870,4364035,10501.59306000,1100173331.98765840,0,98954.50700000001,75520.0424,1,41775.537620285715
2025-01-23,1737590400000,103706.66,106850.0,101262.28,103910.34,53953.12031,1737676799999,5610760848.13163840,6961383,27045.92646000,2813824950.57188350,0,99241.31499999999,75760.30505,1,45507.00435457142
2025-01-24,1737676800000,103910.35,107120.0,102750.0,104870.5,23609.24017,1737763199999,2483818574.37374800,4798886,11893.46050000,1251601023.34846860,0,99573.81499999999,76001.08445,1,43283.77396171429
2025-01-25,1737763200000,104870.51,105286.52,104106.09,104746.85,9068.32377,1737849599999,949511531.35780170,1770765,4462.60438000,467284996.37609660,0,99892.977,76234.56869999999,1,41106.70164600001
2025-01-26,1737849600000,104746.86,105500.0,102520.44,102620.0,9812.51238,1737935999999,1024352365.47155230,1813011,4642.17247000,484871090.33614970,0,99912.197,76459.03945,1,36308.87727457143
2025-01-27,1737936000000,102620.01,103260.0,97777.77,102082.83,50758.1341,1738022399999,5092886322.82924400,9368910,23529.22433000,2361569760.84189380,0,100168.60800000001,76682.75415,1,30770.149041428573
2025-01-28,1738022400000,102082.83,103800.0,100272.68,101335.52,22022.05765,1738108799999,2253977324.03620920,5428644,10756.64741000,1101357650.29198760,0,100482.3535,76899.98625,1,27353.154417142854
2025-01-29,1738108800000,101335.52,104782.68,101328.01,103733.24,23155.35802,1738195199999,2380383694.77213620,5189699,11675.17182000,1200636637.81436690,0,101041.391,77122.63235,1,27482.678057142857
2025-01-30,1738195200000,103733.25,106457.44,103278.54,104722.94,19374.07472,1738281599999,2038112603.51264120,3990075,10140.92834000,1066933244.99202070,0,101541.23250000001,77342.2575,1,22542.81440142857
2025-01-31,1738281600000,104722.94,106012.0,101560.0,102429.56,21983.18193,1738367999999,2282174002.19521760,4331904,10697.39968000,1111485874.12928450,0,101932.71100000001,77530.7846,1,22310.520367142857
2025-02-01,1738368000000,102429.56,102783.71,100279.51,100635.65,12290.95747,1738454399999,1250354228.23722970,2588786,5625.89331000,572540016.14901110,0,102237.2405,77708.7429,1,22770.89661
2025-02-02,1738454400000,100635.66,101456.6,96150.0,97700.59,34619.49939,1738540799999,3412084312.58362790,7202339,15587.16669000,1536076091.30301330,0,102395.465,77876.80589999999,1,26314.751897142858
2025-02-03,1738540800000,97700.59,102500.01,91231.0,101328.52,75164.7385,1738627199999,7228589180.71162140,10625262,36736.56946000,3537845694.48126590,0,102633.84800000001,78063.5089,1,29801.40966857143
2025-02-04,1738627200000,101328.51,101732.31,96150.0,97763.13,40267.98697,1738713599999,3989698644.26493070,6618911,19091.58154000,1891457194.35983290,0,102497.137,78219.02455,1,32407.971
2025-02-05,1738713600000,97763.14,99149.0,96155.0,96612.43,26233.30444,1738799999999,2562342153.82968530,4471763,11032.55174000,1078316288.14255890,0,102328.39349999999,78366.3869,1,32847.677631428574
2025-02-06,1738800000000,96612.44,99120.0,95676.64,96554.35,23515.20405,1738886399999,2289071921.21756010,4242807,11261.53049000,1096611639.37600890,0,101952.237,78508.33195,1,33439.26753571429
2025-02-07,1738886400000,96554.35,100137.99,95620.34,96506.8,31794.22065,1738972799999,3107592434.67383420,5012456,15249.35370000,1491114588.55985190,0,101549.76550000001,78653.2059,1,34840.844495714286
2025-02-08,1738972800000,96506.8,96880.0,95688.0,96444.74,10147.24294,1739059199999,977040267.51586310,1757892,4450.52682000,428452764.90474110,0,101305.424,78805.74955000001,1,34534.59956285715
2025-02-09,1739059200000,96444.75,97323.09,94713.0,96462.75,14120.91613,1739145599999,1359495152.31079740,2293192,6663.72875000,641795598.17527620,0,101015.561,78961.1833,1,31606.230525714287
2025-02-10,1739145600000,96462.75,98345.0,95256.0,97430.82,20572.87537,1739231999999,1999112052.66878620,3475919,9607.62329000,933665618.50501910,0,100579.91100000001,79119.33765,1,23807.392935714284
2025-02-11,1739232000000,97430.82,98478.42,94876.88,95778.2,18647.76379,1739318399999,1806534846.38631950,3716586,8594.50066000,832320054.87637160,0,100183.488,79258.6887,1,20718.789624285713
2025-02-12,1739318400000,95778.21,98119.99,94088.23,97869.99,29151.16625,1739404799999,2800142168.39436540,4992737,13820.70553000,1328044257.04013340,0,99881.47050000001,79408.55615,1,21135.627025714286
2025-02-13,1739404800000,97870.0,98083.91,95217.36,96608.14,19921.77616,1739491199999,1916988246.39211860,3909456,8852.16215000,851823567.09393470,0,99468.35250000001,79550.34745,1,20622.280184285715
2025-02-14,1739491200000,96608.13,98826.0,96252.82,97500.48,18173.02646,1739577599999,1768073218.86901540,3499564,9061.31682000,881925349.64442130,0,99106.034,79703.92640000001,1,18676.3953
2025-02-15,1739577600000,97500.47,97972.26,97223.58,97569.66,7349.37683,1739663999999,717245393.77809200,1694327,3579.14202000,349322778.23397690,0,98853.517,79860.8347,1,18276.700141428573
2025-02-16,1739664000000,97569.67,97704.47,96046.18,96118.12,8191.4249,1739750399999,794694242.29497320,1596701,3719.73063000,360842416.66441670,0,98555.2815,80018.2853,1,17429.629965714284
2025-02-17,1739750400000,96118.12,97046.59,95205.0,95780.0,16492.0451,1739836799999,1584593526.17546780,2831237,8010.41565000,769979077.13619730,0,98277.5055,80170.41519999999,1,16846.654212857142
2025-02-18,1739836800000,95780.01,96753.91,93388.09,95671.74,23368.19471,1739923199999,2223994802.89200520,4234248,11432.47367000,1088319233.52198970,0,97874.43049999999,80341.28225,1,17521.001487142858
2025-02-19,1739923200000,95671.74,96899.99,95029.99,96644.37,16438.50954,1740009599999,1576817572.10325050,2784225,7173.61807000,688586919.97592590,0,97470.50200000001,80521.01415,1,15704.907671428573
2025-02-20,1740009600000,96644.37,98711.36,96415.09,98305.0,17057.39177,1740095999999,1663386824.73155060,2386973,8356.42859000,815056614.17382700,0,97264.274,80721.73415,1,15295.709901428572
2025-02-21,1740096000000,98305.01,99475.0,94871.95,96181.98,32249.2814,1740182399999,3143975917.57346420,4528525,15313.58184000,1493403646.84830270,0,97041.5905,80932.55,1,17306.603464285712
2025-02-22,1740182400000,96181.99,96980.0,95770.49,96551.01,11268.17708,1740268799999,1087077133.82263640,1506418,5293.28051000,510722895.16754260,0,96984.1115,81135.195,1,17866.43207142857
2025-02-23,1740268800000,96551.01,96650.0,95227.94,96258.0,10884.84913,1740355199999,1044392011.79102410,1457368,4619.93267000,443381984.41102550,0,96730.5855,81340.8142,1,18251.206961428572
2025-02-24,1740355200000,96258.0,96500.0,91349.26,91552.88,31550.10299,1740441599999,2981809595.44537670,4972684,14438.63366000,1366473567.87477310,0,96420.073,81490.14865,1,20402.35808857143
2025-02-25,1740441600000,91552.88,92540.69,86050.99,88680.4,78333.11111,1740527999999,6962982500.90447390,10289145,35822.15275000,3183981371.47505020,0,96023.47150000001,81629.3607,1,28254.489002857143
2025-02-26,1740528000000,88680.39,89414.15,82256.01,84250.09,56893.54409,1740614399999,4898429925.63647610,8490006,28077.18450000,2417690848.81898720,0,95408.2585,81745.9936,1,34033.77965285714
2025-02-27,1740614400000,84250.09,87078.46,82716.49,84708.58,42505.45439,1740700799999,3618738891.22216230,6357581,20355.71969000,1732725913.28176280,0,94818.3475,81875.97355000001,1,37669.21717
2025-02-28,1740700800000,84708.57,85120.0,78258.52,84349.94,83648.03969,1740787199999,6806705236.69067870,11344216,40224.85287000,3274291175.81039970,0,94213.6075,82000.99005,1,45011.89692571428
2025-03-01,1740787200000,84349.95,86558.0,83824.78,86064.53,25785.05464,1740873599999,2194003507.85264280,3700728,11748.10769000,1000093822.53835250,0,93693.69649999999,82128.37694999999,1,47085.73657714286
2025-03-02,1740873600000,86064.54,95000.0,85050.6,94270.0,54889.09045,1740959999999,4972549515.78866870,7403218,29273.81031000,2652973441.15453900,0,93535.6555,82306.31,1,53372.0567657143
2025-03-03,1740960000000,94269.99,94416.46,85117.11,86220.61,59171.10218,1741046399999,5321123743.47192310,9797860,27915.43650000,2513464571.35691100,0,93057.776,82449.70775,1,57317.91379285714
2025-03-04,1741046400000,86221.16,88967.52,81500.0,87281.98,55609.10706,1741132799999,4704901219.59043560,10326631,27584.71590000,2335087296.23928690,0,92528.3755,82591.74465,1,54071.6275
2025-03-05,1741132800000,87281.98,91000.0,86334.53,90606.01,38264.01163,1741219199999,3400243670.30497560,8070266,19230.28436000,1709708737.46989350,0,92228.269,82747.31474999999,1,51410.26572
2025-03-06,1741219200000,90606.0,92810.64,87836.0,89931.89,34342.44902,1741305599999,3105145628.39939920,7643526,17283.99411000,1563426526.42899340,0,91849.8395,82904.83745,1,50244.12209571429
2025-03-07,1741305600000,89931.88,91283.02,84667.03,86801.75,57980.35713,1741391999999,5097554826.61315770,9510442,28394.41537000,2497922400.45044460,0,91311.44399999999,83041.6537,1,46577.31030142858
2025-03-08,1741392000000,86801.74,86897.25,85218.47,86222.45,12989.23054,1741478399999,1119358968.65200550,2553974,6491.56581000,559581591.34707420,0,90816.6605,83177.69695,1,44749.33543
2025-03-09,1741478400000,86222.46,86500.0,80000.0,80734.37,26115.39345,1741564799999,2173552660.45447930,5189138,12093.87232000,1006299692.71041280,0,90064.379,83275.58865,1,40638.80728714286
2025-03-10,1741564800000,80734.48,84123.46,77459.91,78595.86,47633.38405,1741651199999,3834924947.75818610,8701538,22898.57072000,1846606255.35214860,0,89210.58499999999,83366.68875,1,38990.56184
2025-03-11,1741651200000,78595.86,83617.4,76606.0,82932.99,48770.06853,1741737599999,3927000827.11079190,6983310,24029.16770000,1935950413.20181940,0,88525.01599999999,83461.1675,1,38013.55633571429
2025-03-12,1741737600000,82932.99,84539.85,80607.65,83680.12,31933.986,1741823999999,2638600996.82539610,5253577,15749.41702000,1301890518.49940810,0,87793.772,83558.78305000001,1,37109.26695999999
2025-03-13,1741824000000,83680.12,84336.33,79939.9,81115.78,27546.27412,1741910399999,2260870111.23938940,4367093,13013.18135000,1067945431.12194690,0,87040.462,83643.26195,1,36138.38483142857
2025-03-14,1741910400000,81115.78,85309.71,80818.84,83983.2,26858.52755,1741996799999,2244729595.54117160,3290987,14082.88688000,1177807467.01818000,0,86412.07149999999,83749.00795,1,31692.409177142858
2025-03-15,1741996800000,83983.19,84676.28,83618.0,84338.44,11324.7332,1742083199999,953445671.83375050,1329670,5195.29128000,437551330.25316600,0,85816.09349999999,83873.62515,1,31454.62384285714
2025-03-16,1742083200000,84338.44,85117.04,81981.12,82574.53,17596.12531,1742169599999,1468056556.29672260,2767947,8505.95317000,710037465.07574800,0,85367.176,83991.3233,1,30237.585537142855
2025-03-17,1742169600000,82574.52,84756.83,82456.0,84010.03,17214.74358,1742255999999,1437716814.04687390,3014756,8387.89111000,700505421.78772940,0,85133.6575,84114.5784,1,25892.06547
2025-03-18,1742256000000,84010.02,84021.74,81134.66,82715.03,17610.89883,1742342399999,1450813055.47972610,3126371,8047.23418000,662808749.34278870,0,85056.9045,84232.5336,1,21440.75551285714
2025-03-19,1742342400000,82715.03,87000.0,82547.16,86845.94,28151.05374,1742428799999,2375813941.94376220,3774761,13804.24847000,1166238970.28114650,0,85163.77249999999,84371.89335000001,1,20900.336618571426
2025-03-20,1742428800000,86845.93,87453.67,83655.23,84223.39,22090.30463,1742515199999,1885241921.15565180,3252595,10163.59262000,867440339.29626070,0,85157.445,84506.50099999999,1,20120.912405714284
2025-03-21,1742515200000,84223.38,84850.33,83175.25,84088.79,11956.97443,1742601599999,1005135519.25600170,2360005,5466.41961000,459501348.08175830,0,85058.658,84631.2843,1,17992.11910285714
2025-03-22,1742601600000,84088.79,84539.17,83625.1,83840.59,5420.22114,1742687999999,456235443.80165220,864481,2284.19178000,192291026.78742480,0,84537.1875,84763.0486,0,17148.61738
2025-03-23,1742688000000,83840.59,86129.64,83809.75,86082.5,8461.97813,1742774399999,718692319.14990380,1206533,4424.81013000,376007261.52135970,0,84530.28199999999,84903.6066,0,15843.73921142857
2025-03-24,1742774400000,86082.5,88765.43,85519.09,87498.16,30115.62111,1742860799999,2636765917.95184350,2916713,14379.95578000,1258638667.11290410,0,84541.09099999999,85060.1974,0,17686.721715714284
2025-03-25,1742860800000,87498.16,88539.63,86310.0,87392.87,22643.25248,1742947199999,1979571590.89829370,2802815,9440.56294000,825308072.63378140,0,84380.434,85227.34689999999,0,18405.62938
2025-03-26,1742947200000,87392.88,88275.0,85860.0,86909.17,18408.78485,1743033599999,1606406955.58646330,2380154,8590.97753000,749604853.29681350,0,84229.298,85391.08844999998,0,17013.87668142857
2025-03-27,1743033600000,86909.17,87756.39,85800.0,87232.01,17098.03897,1743119999999,1487968807.70790220,2376381,8185.05517000,712324893.28891680,0,84250.811,85552.89875,0,16300.695872857143
2025-03-28,1743120000000,87232.01,87515.67,83585.0,84424.38,27182.73169,1743206399999,2309946560.66411380,3236085,11274.83736000,958523321.81127310,0,84160.9075,85689.81065,0,18475.804052857144
2025-03-29,1743206400000,84424.38,84624.73,81644.81,82648.54,11696.39864,1743292799999,970199917.98687160,2172387,5621.60485000,466215575.48490690,0,84256.616,85814.8734,0,19372.400838571426
2025-03-30,1743292800000,82648.53,83534.64,81565.0,82389.99,9864.49508,1743379199999,816584795.52881260,1907663,4725.07105000,391214080.11011610,0,84446.32250000001,85940.13335,0,19572.760402857144
2025-03-31,1743379200000,82390.0,83943.08,81278.52,82550.01,20569.13885,1743465599999,1696009191.08096490,3964358,9912.88184000,817875871.11074120,0,84427.17349999999,86062.2218,0,18208.977222857142
2025-04-01,1743465600000,82550.0,85579.46,82432.74,85158.34,20190.39697,1743551999999,1698895702.57546820,3328693,10246.42648000,862302772.43308630,0,84501.0845,86185.5235,0,17858.569292857144
2025-04-02,1743552000000,85158.35,88500.0,82320.0,82516.29,39931.457,1743638399999,3417279759.83076360,5338238,20739.67809000,1777735583.84074790,0,84571.11,86298.1398,0,20933.236742857145
2025-04-03,1743638400000,82516.28,83998.02,81211.24,83213.09,27337.84135,1743724799999,2259299724.86439270,4117486,13951.52792000,1153439398.61980140,0,84532.6045,86418.54525000001,0,22396.065654285714
2025-04-04,1743724800000,83213.09,84720.0,81659.0,83889.87,32915.53976,1743811199999,2739842666.42673680,4992586,15896.18779000,1323832046.26468800,0,84510.176,86546.92465,0,23215.038235714284
2025-04-05,1743811200000,83889.87,84266.0,82379.95,83537.99,9360.40468,1743897599999,779626577.90134360,1575750,4029.64658000,335654613.72771840,0,84558.349,86663.04465,0,22881.324812857143
2025-04-06,1743897600000,83537.99,83817.63,77153.83,78430.0,27942.71436,1743983999999,2239085051.15296450,3948493,12493.84490000,1001459573.49446610,0,84279.3475,86746.3947,0,25463.92756714286
2025-04-07,1743984000000,78430.0,81243.58,74508.0,79163.24,78387.53089,1744070399999,6084614024.15064720,9736596,39075.84274000,3034375055.68439650,0,84101.758,86827.47094999999,0,33723.69785857143
2025-04-08,1744070400000,79163.24,80867.99,76239.9,76322.42,35317.32063,1744156799999,2775277777.10246080,5512751,15704.73031000,1235370767.11535030,0,83575.58200000001,86893.07780000001,0,35884.68695285714
2025-04-09,1744156800000,76322.42,83588.0,74620.0,82615.22,75488.28772,1744243199999,5980231256.22249600,7741252,39491.62958000,3137004042.95926080,0,83495.1735,86989.4091,0,40964.23419857143
2025-04-10,1744243200000,82615.22,82753.21,78464.36,79607.3,33284.80718,1744329599999,2690294353.84784260,4529545,16339.91910000,1321475356.02008490,0,83271.099,87069.5518,0,41813.80074571429
2025-04-11,1744329600000,79607.3,84300.0,78969.58,83423.84,34435.43797,1744415999999,2830363945.17875230,4423157,18019.58367000,1482515278.91770430,0,83250.2615,87169.97105000001,0,42030.92906142857
2025-04-12,1744416000000,83423.83,85905.0,82792.95,85276.9,18470.74437,1744502399999,1557403252.92675150,2501196,9526.72644000,803747272.78346800,0,83209.9815,87275.04205,0,43332.40616
2025-04-13,1744502400000,85276.91,86100.0,83034.23,83760.0,24680.04181,1744588799999,2086106375.43925540,3275879,11658.67909000,986303246.09318360,0,83023.0735,87378.082,0,42866.31008142857
2025-04-14,1744588800000,83760.0,85799.99,83678.0,84591.58,28659.09348,1744675199999,2429132805.08152890,3921522,15196.58929000,1288815999.14061730,0,82883.00899999999,87475.16995000001,0,35762.24759428571
2025-04-15,1744675200000,84591.58,86496.42,83600.0,83643.99,20910.99528,1744761599999,1780972414.39560070,2910533,10439.36072000,889895753.16736510,0,82719.75,87564.54014999999,0,33704.201115714284
2025-04-16,1744761600000,83643.99,85500.0,83111.64,84030.38,20867.24519,1744847999999,1753910031.20092420,3264730,10456.76900000,878939829.48483680,0,82559.6685,87655.40205,0,25901.19504
2025-04-17,1744848000000,84030.38,85470.01,83736.26,84947.91,13728.84772,1744934399999,1161659427.38626280,2003405,6424.41565000,543726754.41870160,0,82585.845,87752.13155,0,23107.486545714284
2025-04-18,1744934400000,84947.92,85132.08,84303.96,84474.69,6529.96315,1745020799999,552648483.64748710,840009,2911.78856000,246467088.26214660,0,82677.1525,87857.86705,0,19120.990142857143
2025-04-19,1745020800000,84474.7,85677.99,84364.45,85077.01,9666.58153,1745107199999,823222752.28424930,875226,5416.30087000,461342923.99908200,0,82811.50349999999,87979.22320000001,0,17863.252594285714
2025-04-20,1745107200000,85077.0,85320.76,83949.52,85179.24,8091.67725,1745193599999,685253644.89183620,944130,3843.48314000,325482835.73783290,0,82942.965,88101.87299999999,0,15493.48622857143
2025-04-21,1745193600000,85179.24,88465.99,85144.76,87516.23,31773.37262,1745279999999,2773299591.46706560,3041395,17216.39877000,1502705225.13413500,0,83060.85949999999,88235.6906,0,15938.383248571428
2025-04-22,1745280000000,87516.22,93888.0,87076.03,93442.99,43872.74705,1745366399999,3967785064.12817020,3268475,22777.77047000,2062639579.20308550,0,83607.1945,88392.47555000002,0,19218.63350142857
2025-04-23,1745366400000,93442.99,94696.05,91935.41,93691.08,27404.16808,1745452799999,2560279933.94795160,3016536,13128.05774000,1226992558.57654620,0,84131.094,88550.64095,0,20152.47962857143
2025-04-24,1745452800000,93691.07,94005.0,91660.01,93980.47,19497.06071,1745539199999,1811120137.31467870,2797383,8565.18128000,795787487.36089810,0,84635.624,88706.44375,0,20976.510055714287
2025-04-25,1745539200000,93980.47,95758.04,92855.96,94638.68,27500.66648,1745625599999,2596877713.64017280,3331828,13072.22136000,1234153095.72926820,0,85190.65849999999,88868.51715,0,23972.324817142857
2025-04-26,1745625600000,94638.68,95199.0,93870.69,94628.0,9415.06875,1745711999999,889627361.84144470,1475983,4156.22463000,392757114.43835790,0,86000.5585,89030.85469999998,0,23936.39442
2025-04-27,1745712000000,94628.0,95369.0,93602.58,93749.3,11162.841,1745798399999,1052334792.18661890,1918160,5250.08719000,495112239.10816970,0,86729.8615,89196.42109999999,0,24375.132098571426
2025-04-28,1745798400000,93749.29,95630.0,92800.01,95011.18,22157.53351,1745884799999,2092532996.55517170,3424740,11626.77592000,1098667305.23999790,0,87664.29950000001,89369.84504999999,0,23001.440797142855
2025-04-29,1745884800000,95011.18,95461.53,93742.54,94256.82,16955.3402,1745971199999,1607154803.46754770,3020875,7112.68469000,674688527.81306600,0,88246.3795,89528.42915,0,19156.096961428575
2025-04-30,1745971200000,94256.82,95228.45,92910.0,94172.0,17661.2751,1746057599999,1664825670.98312510,3214149,8393.21620000,791272380.03124470,0,88974.6145,89683.25805,0,17764.255107142857
2025-05-01,1746057600000,94172.0,97424.02,94130.43,96489.91,21380.45343,1746143999999,2053857614.27326720,2925716,10925.87308000,1049157198.85876350,0,89627.918,89851.3575,0,18033.31121
2025-05-02,1746144000000,96489.9,97895.68,96350.0,96887.14,14905.74811,1746230399999,1446387651.58405750,2698263,7440.33531000,722022817.22461990,0,90208.43000000001,90005.37324999999,1,16234.037157142857
2025-05-03,1746230400000,96887.13,96935.67,95753.01,95856.42,9723.34838,1746316799999,935906144.96514980,1181239,3929.40490000,378271292.44431450,0,90813.251,90149.28465000002,1,16278.077104285712
2025-05-04,1746316800000,95856.42,96304.48,94151.38,94277.62,11036.38342,1746403199999,1053542403.85315880,1674726,4385.33486000,418573470.85696230,0,91297.553,90282.57269999999,1,16260.011735714284
2025-05-05,1746403200000,94277.61,95199.0,93514.1,94733.68,17251.18189,1746489599999,1626999380.17599680,2623300,8399.64855000,792299650.33952020,0,91852.0375,90419.1322,1,15559.104361428572
2025-05-06,1746489600000,94733.68,96920.65,93377.0,96834.02,16122.64513,1746575999999,1526847764.56366820,2512960,7505.95734000,711372483.61171350,0,92492.21949999999,90561.16229999998,1,15440.147922857142
2025-05-07,1746576000000,96834.02,97732.0,95784.61,97030.5,16644.83854,1746662399999,1611730124.59245430,2849139,8316.74471000,805430612.40553540,0,93096.349,90704.42479999998,1,15294.942700000001
2025-05-08,1746662400000,97030.5,104145.76,96876.29,103261.6,34962.02847,1746748799999,3508645830.56501440,4991147,18547.23009000,1861334478.36442700,0,94035.69450000001,90875.57285,1,17235.167705714288
2025-05-09,1746748800000,103261.61,104361.3,102315.14,102971.99,27617.39907,1746835199999,2847518447.98151310,4406929,14525.20381000,1497826622.32618800,0,94930.44350000001,91053.5453,1,19051.117842857144
2025-05-10,1746835200000,102971.99,104984.57,102818.76,104809.53,15324.78611,1746921599999,1588386278.50241500,2227845,8258.23478000,856095289.52166460,0,95911.95800000001,91240.46295,1,19851.323232857143
2025-05-11,1746921600000,104809.53,104972.0,103345.06,104118.0,17987.12197,1747007999999,1873381777.21242540,3100176,9071.95578000,944903285.10730800,0,96742.04650000001,91427.70969999999,1,20844.285882857144
2025-05-12,1747008000000,104118.0,105819.45,100718.37,102791.32,31272.77792,1747094399999,3242348937.38306910,5298407,16455.99797000,1707457796.58813950,0,97209.463,91600.6749,1,22847.371030000002
2025-05-13,1747094400000,102791.32,104976.25,101429.7,104103.72,21253.42409,1747180799999,2197244118.15236690,3703531,10705.97845000,1106609664.70779500,0,97730.095,91787.70184999998,1,23580.339452857144
2025-05-14,1747180800000,104103.72,104356.95,102602.05,103507.82,16452.9081,1747267199999,1704708279.38841090,3025221,8026.03333000,831783471.65436100,0,98206.4625,91969.77715,1,23552.920818571427
2025-05-15,1747267200000,103507.83,104192.7,101383.07,103763.71,17998.98604,1747353599999,1850183474.52920360,4139477,8475.18036000,871244345.56413600,0,98662.71399999999,92148.4872,1,21129.629042857145
2025-05-16,1747353600000,103763.71,104550.33,103100.49,103463.9,15683.88024,1747439999999,1628832372.32414810,3237442,7555.15801000,784850382.19427470,0,99104.50899999999,92315.99565,1,19424.84063857143
2025-05-17,1747440000000,103463.9,103709.86,102612.5,103126.65,11250.89622,1747526399999,1160418362.95061810,2568597,5335.11525000,550379728.73385010,0,99573.3765,92467.94679999999,1,18842.85636857143
2025-05-18,1747526400000,103126.65,106660.0,103105.09,106454.26,21599.98726,1747612799999,2262214972.07493840,3193300,11664.89904000,1221914552.05520120,0,100145.5305,92638.4944,1,19358.979981428573
2025-05-19,1747612800000,106454.27,107108.62,102000.0,105573.74,30260.03524,1747699199999,3150324504.59545150,4881371,14208.30900000,1480452895.08415620,0,100711.3765,92814.90305,1,19214.30245571429
2025-05-20,1747699200000,105573.73,107320.0,104184.72,106849.99,23705.48275,1747785599999,2509102444.66959820,3878351,12350.46275000,1307273652.38952320,0,101345.276,93001.67295,1,19564.59655
2025-05-21,1747785600000,106850.0,110797.38,106100.01,109643.99,45531.040345,1747871999999,4914709514.32002680,6835279,23661.64939500,2555528481.09872580,0,102002.98,93203.0192,1,23718.615442142855
2025-05-22,1747872000000,109643.99,111980.0,109177.37,111696.21,31630.77313,1747958399999,3509432834.57341730,5794216,16584.56293000,1840083098.58278590,0,102743.43350000001,93417.62030000001,1,25666.013597857145
2025-05-23,1747958400000,111696.22,111800.0,106800.0,107318.3,31737.72309,1748044799999,3469704446.39040470,5251192,14309.31652000,1565622441.18751700,0,103316.5275,93614.96174999999,1,27959.419719285714
2025-05-24,1748044800000,107318.3,109506.03,106875.41,107761.91,16782.53129,1748131199999,1819958819.77485860,2805418,8786.90747000,953683093.32165700,0,103990.742,93806.91125,1,28749.65330071429
2025-05-25,1748131200000,107761.9,109299.99,106600.64,109004.19,17710.04695,1748217599999,1904366455.42585800,3151168,7867.16712000,846688135.00971360,0,104704.2675,93974.07225,1,28193.947542142854
2025-05-26,1748217600000,109004.2,110422.22,108670.58,109434.79,14649.11593,1748303999999,1605578282.10790310,2887863,7301.11288000,800269021.19227970,0,105334.30600000001,94141.95674999998,1,25963.816212142854
2025-05-27,1748304000000,109434.78,110718.0,107516.57,108938.17,21276.65635,1748390399999,2327603851.11926510,3735509,9969.89271000,1090553624.46159920,0,105929.68950000001,94304.09870000002,1,25616.841012142857
2025-05-28,1748390400000,108938.17,109284.7,106769.43,107781.78,15633.78829,1748476799999,1689136748.51303130,2933262,6877.27341000,743282966.72071960,0,106155.69849999998,94459.6203,1,21345.805004285714
2025-05-29,1748476800000,107781.78,108891.91,105322.86,105589.75,19834.70116,1748563199999,2128639017.50816180,3774926,9457.49356000,1015173771.54898980,0,106286.5865,94585.71899999998,1,19660.651865714288
2025-05-30,1748563200000,105589.75,106313.12,103621.0,103985.48,23706.49799,1748649599999,2493078549.59186090,4307572,11070.98746000,1164158558.64358540,0,106245.384,94662.40645,1,18513.333994285716
2025-05-31,1748649600000,103985.47,104900.0,103068.55,104591.88,11289.35922,1748735999999,1174000801.50703790,2343787,5278.95175000,548980630.84935780,0,106269.07800000001,94745.6058,1,17728.595127142857
2025-06-01,1748736000000,104591.88,105866.91,103752.49,105642.93,9709.70006,1748822399999,1016188486.95059960,1939359,4640.35070000,485683466.93478430,0,106411.65849999999,94821.94445000001,1,16585.68842857143
2025-06-02,1748822400000,105642.93,105935.63,103659.88,105857.99,13453.98813,1748908799999,1409004206.98637330,2997656,6494.65497000,680177826.61441720,0,106499.372,94914.60644999999,1,16414.955885714287
2025-06-03,1748908800000,105858.0,106794.67,104872.5,105376.89,13259.52634,1748995199999,1402493746.59932180,2470698,6260.22436000,662160926.82412260,0,106592.8255,94986.33055,1,15269.651598571427
2025-06-04,1748995200000,105376.9,106000.0,104179.0,104696.86,14034.89482,1749081599999,1476928482.36887810,2274464,6979.94910000,734803757.41858380,0,106639.48300000001,95056.88025,1,15041.238245714285
2025-06-05,1749081600000,104696.86,105909.71,100372.26,101508.68,22321.50154,1749167999999,2301567892.53054470,3963295,10005.36019000,1031668517.04271110,0,106541.722,95115.14369999999,1,15396.495442857142
2025-06-06,1749168000000,101508.69,105333.0,101095.8,104288.44,15839.07385,1749254399999,1642382404.93557530,2709327,7655.60679000,793575821.43579320,0,106599.8115,95184.26550000001,1,14272.577708571427
2025-06-07,1749254400000,104288.43,105900.0,103871.09,105552.15,8344.93206,1749340799999,877915380.95482310,1402494,3970.01912000,417664199.19127120,0,106554.706,95250.47230000001,1,13851.945257142856
2025-06-08,1749340800000,105552.15,106488.14,104964.14,105734.0,8048.06305,1749427199999,850887129.42829760,1295154,4361.42266000,461098506.08832400,0,106562.719,95307.7095,1,13614.56854142857
2025-06-09,1749427200000,105734.01,110530.17,105318.37,110263.02,19975.37451,1749513599999,2154922022.22117280,2839846,10623.88217000,1146790065.51356160,0,106733.3705,95367.439,1,14546.195167142856
2025-06-10,1749513600000,110263.02,110400.0,108331.03,110274.39,17071.82839,1749599999999,1867620550.19217290,3003420,8009.29581000,876411274.39694880,0,106764.89050000001,95424.35095000001,1,15090.809745714285
2025-06-11,1749600000000,110274.39,110392.01,108064.0,108645.12,13115.91638,1749686399999,1434884639.75063030,2667014,6030.96867000,659947218.00338690,0,106612.33599999998,95479.21455,1,14959.527111428572
2025-06-12,1749686400000,108645.13,108813.55,105671.72,105671.73,17778.67218,1749772799999,1908309274.08683440,3517420,8291.22648000,890420511.47044150,0,106530.00749999999,95518.073,1,14310.551488571431
2025-06-13,1749772800000,105671.74,106179.53,102664.31,106066.59,26180.81734,1749859199999,2735461890.69297020,5452577,12793.70705000,1337300355.99521930,0,106445.2415,95583.3559,1,15787.943415714286
2025-06-14,1749859200000,106066.59,106252.0,104300.0,105414.64,8798.93969,1749945599999,925568614.17840650,1521776,3848.55498000,405001275.92627160,0,106265.764,95650.6033,1,15852.80164857143
2025-06-15,1749945600000,105414.63,106128.57,104494.53,105594.01,7164.20047,1750031999999,754596887.87480040,1564768,3356.46912000,353608577.68537740,0,106073.725,95699.25779999999,1,15726.535565714285
2025-06-16,1750032000000,105594.02,108952.38,104980.37,106794.53,14922.6654,1750118399999,1599849840.73252440,2928998,7442.34921000,797865030.13661780,0,105966.54299999999,95755.01054999999,1,15004.71997857143
2025-06-17,1750118400000,106794.53,107771.34,103371.02,104551.17,17866.33025,1750204799999,1883173484.89909980,3723010,8082.65290000,852365443.21135600,0,105805.0125,95790.46639999999,1,15118.220244285712
2025-06-18,1750204800000,104551.17,105550.27,103500.0,104886.78,13968.64167,1750291199999,1461383024.36220930,3468170,6656.31474000,696386846.69042960,0,105769.86399999999,95832.86035,1,15240.038142857144
2025-06-19,1750291200000,104886.79,105226.17,103929.27,104658.59,7678.60737,1750377599999,803402575.96204490,1718045,3583.19736000,374871407.41073340,0,105803.51950000001,95870.2274,1,13797.17174142857
2025-06-20,1750377600000,104658.59,106524.65,102345.0,103297.99,16419.06283,1750463999999,1714411911.01140170,3029404,7113.97039000,743649283.08002110,0,105738.825,95907.51425000001,1,12402.635382857143
2025-06-21,1750464000000,103297.98,103982.64,100837.9,102120.01,11154.21332,1750550399999,1144829784.73064180,2172578,4632.93703000,475270667.42267620,0,105562.679,95938.86584999999,1,12739.103044285714
2025-06-22,1750550400000,102120.02,103399.62,98200.0,100963.87,28746.41072,1750636799999,2892695407.80868790,5121309,13142.02965000,1322387353.31664010,0,105317.973,95950.7486,1,15822.275937142856
2025-06-23,1750636800000,100963.87,106074.2,99613.33,105333.93,27666.50609,1750723199999,2836166831.04444880,4944207,13408.20163000,1375654853.25846600,0,105315.825,95992.69009999999,1,17642.82460714286
2025-06-24,1750723200000,105333.94,106290.0,104622.02,106083.0,14651.69335,1750809599999,1543451113.45636120,2973481,6848.32158000,721631005.28932640,0,105385.13200000001,96024.4009,1,17183.590764285716
2025-06-25,1750809600000,106083.0,108135.3,105808.03,107340.58,16701.15551,1750895999999,1789545470.94629000,2988892,8576.13709000,919352853.80641200,0,105676.727,96061.94385,1,17573.949884285714
2025-06-26,1750896000000,107340.59,108272.45,106562.5,106947.06,10573.27279,1750982399999,1136093974.68160140,2597742,4983.08998000,535471528.19449270,0,105809.65800000001,96091.1312,1,17987.473515714286
2025-06-27,1750982400000,106947.06,107735.34,106356.76,107047.59,12232.44042,1751068799999,1308420348.91000950,2304499,4862.28010000,520251258.37876640,0,105884.43000000001,96139.9868,1,17389.3846
2025-06-28,1751068800000,107047.58,107577.75,106811.51,107296.79,3282.17352,1751155199999,352025390.60311350,653305,1514.41959000,162441164.01323960,0,105962.56949999998,96193.50575,1,16264.807485714287
2025-06-29,1751155200000,107296.79,108528.5,107172.52,108356.93,6831.7364,1751241599999,736708189.94956840,1223202,3771.10895000,406653127.09208040,0,105867.26499999998,96229.6654,1,13134.139725714287
2025-06-30,1751241600000,108356.93,108789.99,106733.33,107146.5,9754.12491,1751327999999,1050407152.34505800,1773485,4331.38130000,466474537.78821220,0,105710.8705,96265.37645,1,10575.228128571429
2025-07-01,1751328000000,107146.51,107540.0,105250.85,105681.14,10505.62437,1751414399999,1117432945.89263660,2013289,4648.91727000,494549276.18377850,0,105562.67149999998,96286.6609,1,9982.932560000001
2025-07-02,1751414400000,105681.13,109730.0,105100.19,108849.6,17691.89592,1751500799999,1915699005.87728970,2444708,9248.43029000,1002261738.20887520,0,105721.56499999999,96323.8089,1,10124.466904285713
2025-07-03,1751500800000,108849.59,110529.18,108530.4,109584.78,13047.08225,1751587199999,1429459048.63832610,2568944,6961.89686000,763022147.91167700,0,105897.47450000001,96349.41285000001,1,10477.868255714286
2025-07-04,1751587200000,109584.77,109767.59,107245.0,107984.24,11793.86615,1751673599999,1276215111.66836520,1975212,4787.79822000,518313226.96675600,0,106025.95449999999,96359.04075000001,1,10415.214788571428
2025-07-05,1751673600000,107984.25,108420.56,107756.31,108198.12,3736.9757,1751759999999,403928702.19674760,710020,1803.68528000,194976807.36330110,0,106156.15999999999,96369.36264999998,1,10480.186528571428
2025-07-06,1751760000000,108198.12,109700.0,107800.01,109203.84,6447.607,1751846399999,700733299.51121990,1256591,3209.35902000,348780644.23317400,0,106276.6255,96414.3618,1,10425.310899999999
2025-07-07,1751846400000,109203.85,109700.0,107513.2,108262.94,9405.37601,1751932799999,1020848316.05370420,1961940,3920.92229000,425664101.80223870,0,106462.21399999999,96468.36720000001,1,10375.489628571426
2025-07-08,1751932800000,108262.94,109216.56,107429.57,108922.98,9216.0208,1752019199999,1000112813.43989430,1723244,4371.98866000,474674358.99748990,0,106664.024,96523.9549,1,10191.260547142856
2025-07-09,1752019200000,108922.99,111999.79,108324.53,111233.99,17282.2865,1752105599999,1902054744.19492400,2328484,8935.70327000,983405508.74821380,0,106992.794,96593.6649,1,10132.744915714286
2025-07-10,1752105600000,111234.0,116868.0,110500.0,116010.0,24883.450665,1752191999999,2826460280.44522334,3227017,12900.13546700,1465777460.94107554,0,107628.39450000001,96697.78355,1,11823.654689285715
2025-07-11,1752192000000,116010.01,118869.98,115222.22,117527.66,25873.521148,1752278399999,3039521803.02724685,3708194,12502.93116800,1468374333.95021235,0,108398.777,96811.01449999999,1,13835.033974714286
2025-07-12,1752278400000,117527.66,118200.0,116900.05,117420.0,8446.60437,1752364799999,993093353.40689040,1441851,3784.55219000,444996040.90597870,0,109221.5835,96904.7966,1,14507.838070428572
2025-07-13,1752364800000,117420.0,119488.0,117224.79,119086.64,9550.792947,1752451199999,1132096857.01169159,1650283,4766.47430700,565024389.37239190,0,109909.219,97003.0818,1,14951.15034857143
2025-07-14,1752451200000,119086.65,123218.0,118905.18,119841.18,27269.348877,1752537599999,3299746181.07707340,4076133,14099.58074700,1705505292.66472420,0,110597.128,97123.32969999999,1,17503.14647242857
2025-07-15,1752537600000,119841.17,119940.83,115736.92,117758.09,32018.46083,1752623999999,3755258445.55327170,3805374,15667.30508000,1837578524.92386480,0,111118.00349999999,97240.625,1,20760.637905285716
2025-07-16,1752624000000,117758.08,120063.84,117017.29,118630.43,17039.90851,1752710399999,2023850383.72348730,2429625,8355.96881000,992430971.36759030,0,111702.17199999999,97357.27715,1,20726.01247814286
2025-07-17,1752710400000,118630.44,120998.71,117453.57,119177.56,15728.57651,1752796799999,1869114355.12316430,2347985,7696.17927000,914659207.57442780,0,112308.67050000001,97484.47395000001,1,19418.173313142855
2025-07-18,1752796800000,119177.56,120820.71,116812.76,117924.84,19924.66266,1752883199999,2367355518.47030790,2805236,8951.37863000,1063782057.47856260,0,112840.073,97610.13790000002,1,18568.336386285715
2025-07-19,1752883200000,117924.84,118499.9,117277.34,117840.0,6635.80306,1752969599999,783327898.49696960,1133382,2978.38320000,351626384.05029030,0,113314.22649999999,97731.45790000001,1,18309.650484857142
2025-07-20,1752969600000,117840.01,118856.8,116467.02,117265.12,12962.92889,1753055999999,1528864683.81608200,1615935,6581.33371000,776457462.98182540,0,113820.1575,97844.82454999998,1,18797.098476714284
2025-07-21,1753056000000,117265.11,119676.73,116515.0,117380.36,17107.33128,1753142399999,2020783266.96336490,2509543,8426.31812000,995117241.66790940,0,114405.11850000001,97946.8024,1,17345.381677142857
2025-07-22,1753142400000,117380.36,120247.8,116128.0,119954.42,20959.12973,1753228799999,2481252763.65191060,2778733,10811.45507000,1280627214.62852240,0,114960.35949999999,98055.7036,1,15765.477234285714
2025-07-23,1753228800000,119954.43,120090.0,117301.0,118755.99,14558.75083,1753315199999,1722126986.88666100,2101404,7070.08701000,836266328.74468310,0,115418.92,98158.38105000001,1,15411.026137142859
2025-07-24,1753315200000,118756.0,119450.0,117103.1,118340.99,15806.89043,1753401599999,1873181653.20180740,2081435,7651.73992000,906619084.60359310,0,115936.75749999999,98258.26795,1,15422.21384
2025-07-25,1753401600000,118340.98,118451.57,114723.16,117614.31,38406.34873,1753487999999,4456778786.62049410,3282355,17042.77355000,1977873720.89647240,0,116407.567,98335.16149999999,1,18062.454707142857
2025-07-26,1753488000000,117614.31,118297.35,117138.38,117919.99,6991.67206,1753574399999,823629079.74931030,790372,3167.88355000,373290310.21643520,0,116843.3745,98439.9884,1,18113.293135714284
2025-07-27,1753574400000,117919.99,119766.65,117825.5,119415.55,9328.30919,1753660799999,1107883542.16079820,1095080,5238.30358000,622261561.25072770,0,117401.005,98561.76310000001,1,17594.06175
2025-07-28,1753660800000,119415.56,119800.0,117427.5,118062.32,13961.74754,1753747199999,1655882235.89651800,1824777,7224.91774000,857128354.22340880,0,117857.972,98689.31225000002,1,17144.692644285715
2025-07-29,1753747200000,118062.32,119273.36,116950.75,117950.76,15137.93445,1753833599999,1788682083.68564630,1956694,7988.93736000,944162800.07458740,0,118193.81049999999,98805.43549999999,1,16313.093318571428
2025-07-30,1753833600000,117950.75,118792.0,115796.23,117840.3,15586.73631,1753919999999,1832696878.22298590,1997369,7803.61434000,917632890.23365260,0,118285.32549999999,98921.63705,1,16459.948387142857
2025-07-31,1753920000000,117840.29,118922.45,115500.0,115764.08,17010.0073,1754006399999,2002870016.70224260,1859532,8313.51616000,979519362.06854240,0,118197.14649999999,99027.73215,1,16631.822225714284
2025-08-01,1754006400000,115764.07,116052.0,112722.58,113297.93,24487.10206,1754092799999,2810268577.15136990,4160829,11487.22120000,1318593418.06125480,0,117991.04299999999,99121.54129999998,1,14643.358415714287
2025-08-02,1754092800000,113297.92,114063.49,112003.0,112546.35,11507.33428,1754179199999,1301882737.32672200,2165714,5060.00835000,572586383.07173130,0,117664.02850000001,99201.46875,1,15288.453018571428
2025-08-03,1754179200000,112546.35,114799.97,111920.0,114208.8,7397.76046,1754265599999,841090034.15425410,1419281,3738.18331000,425246221.29553040,0,117382.4095,99270.026,1,15012.660342857143
2025-08-04,1754265600000,114208.81,115720.0,114107.6,115055.03,9667.67916,1754351999999,1109938874.06297080,1954230,4715.29351000,541443274.80937470,0,117247.25649999999,99345.36465000002,1,14399.222002857145
2025-08-05,1754352000000,115055.03,115127.81,112650.0,114129.75,12042.79078,1754438399999,1371861747.14661660,2581052,5622.66754000,640570774.10106840,0,117022.22249999999,99395.62600000002,1,13957.058621428572
2025-08-06,1754438400000,114129.75,115716.0,113355.13,114992.27,9761.15318,1754524799999,1118028732.85891840,2026500,4872.24748000,558193207.67707200,0,116812.95799999998,99447.8062,1,13124.832460000001
2025-08-07,1754524800000,114992.27,117621.0,114259.0,117472.01,13468.56263,1754611199999,1564454297.83692700,2314671,7008.73753000,814088870.44463200,0,116790.3165,99528.50839999999,1,12618.911792857145
2025-08-08,1754611200000,117472.02,117630.0,115878.71,116674.74,10045.31278,1754697599999,1172199778.72425470,2095304,4584.90574000,534970598.46875020,0,116732.0535,99600.58205,1,10555.799038571427
2025-08-09,1754697600000,116674.74,117944.05,116299.13,116462.25,9514.13144,1754783999999,1111837601.70237220,1390951,4869.85416000,569228301.11699460,0,116691.90999999999,99652.1742,1,10271.055775714285
2025-08-10,1754784000000,116462.25,119311.11,116460.63,119294.01,14322.77073,1754870399999,1694198747.87187080,2317065,8023.43513000,949082473.72132200,0,116787.5925,99730.11094999999,1,11260.342957142857
2025-08-11,1754870400000,119294.27,122335.16,118050.11,118686.0,26494.33429,1754956799999,3194611530.54106930,4021743,13243.42946000,1596640461.64307680,0,116724.17150000001,99803.98924999998,1,13664.150832857142
2025-08-12,1754956800000,118686.0,120324.43,118207.47,120134.08,16720.10893,1755043199999,1992762473.58525770,2737841,9265.05962000,1104367998.19617160,0,116793.076,99880.30715,1,14332.33914
2025-08-13,1755043200000,120134.09,123667.79,118920.92,123306.43,23210.07102,1755129599999,2811581348.38745740,3712817,11931.26825000,1446045988.04831460,0,117041.348,99973.10505000001,1,16253.613117142855
2025-08-14,1755129600000,123306.44,124474.0,117180.0,118295.09,27980.947586,1755215999999,3359128391.10852380,4350449,13402.07847600,1608719584.86973360,0,117075.38700000002,100051.4805,1,18326.810967999998
2025-08-15,1755216000000,118295.09,119216.82,116803.99,117342.05,13623.33874,1755302399999,1607609329.68510110,2895016,6141.41708000,724799635.81724670,0,117046.48999999999,100127.7766,1,18837.957533714285
2025-08-16,1755302400000,117342.04,117898.99,117143.98,117380.66,6393.68117,1755388799999,751719391.77236380,1179842,2995.22865000,352158781.09645510,0,116944.7455,100208.00230000001,1,18392.178923714288
2025-08-17,1755388800000,117380.66,118575.0,117172.21,117405.01,5898.64192,1755475199999,695629197.90380730,1177563,2804.73113000,330799448.09036540,0,116911.88,100276.36115,1,17188.73195085714
2025-08-18,1755475200000,117405.01,117543.75,114640.14,116227.05,17745.93954,1755561599999,2053814085.47177750,3346280,7647.70667000,885108979.48874850,0,116825.69450000001,100333.8817,1,15938.961272285715
2025-08-19,1755561600000,116227.05,116725.69,112732.58,112872.94,18065.47424,1755647999999,2065010895.85846640,3291182,8609.41370000,984093545.59442210,0,116577.32650000001,100386.09860000001,1,16131.156316571429
2025-08-20,1755648000000,112872.95,114615.38,112380.0,114271.24,15636.34194,1755734399999,1776149566.12477360,2998370,7209.58575000,819330970.21586190,0,116502.6845,100454.27655,1,15049.195019428571
2025-08-21,1755734400000,114271.23,114821.76,112015.67,112500.0,10839.69235,1755820799999,1227373788.61556290,2357380,5346.48007000,605400341.45449280,0,116462.78799999999,100528.2736,1,12600.44427142857
2025-08-22,1755820800000,112500.0,117429.05,111684.79,116935.99,23128.09037,1755907199999,2656625122.27778650,3438518,11843.59711000,1359907711.87266930,0,116682.26999999999,100606.31094999998,1,13958.265932857144
2025-08-23,1755907200000,116936.0,117030.0,114560.0,115438.05,11329.36197,1755993599999,1308825428.01435860,1559569,5083.35014000,587273893.13144330,0,116743.7325,100694.68555,1,14663.36319
2025-08-24,1755993600000,115438.06,115666.68,110680.0,113493.59,21175.98462,1756079999999,2411284606.18917640,2573906,9325.06710000,1061855201.33431230,0,116665.66050000003,100779.09135,1,16845.840718571428
2025-08-25,1756080000000,113493.59,113667.28,109274.1,110111.98,25182.79379,1756166399999,2805570653.63102300,4695718,11387.58170000,1269662985.34417990,0,116464.77200000003,100846.8795,1,17908.24846857143
2025-08-26,1756166400000,110111.98,112371.0,108666.66,111763.22,18452.43877,1756252799999,2033437347.49993920,4077474,9863.43157000,1087468493.59696390,0,116303.31950000001,100923.1616,1,17963.529115714286
2025-08-27,1756252800000,111763.22,112625.0,110345.42,111262.01,13392.60875,1756339199999,1493774927.19083180,3111496,6261.84550000,698586344.17747960,0,115992.81950000001,100997.24795,1,17642.995802857142
2025-08-28,1756339200000,111262.01,113485.9,110862.42,112566.9,11104.27744,1756425599999,1250788481.94532180,2066780,5139.46509000,578866003.68381480,0,115787.42750000002,101077.76869999999,1,17680.793672857144
2025-08-29,1756425600000,112566.9,112638.64,107463.9,108377.4,22580.31045,1756511999999,2475492492.57752970,3606959,10616.35644000,1164321513.10445710,0,115383.18500000001,101132.5016,1,17602.539398571425
2025-08-30,1756512000000,108377.4,108926.15,107350.1,108816.33,10708.39159,1756598399999,1160666772.73875230,1411040,5797.17783000,628457794.84340100,0,114859.301,101197.69225,1,17513.829344285714
2025-08-31,1756598400000,108816.33,109480.02,108076.93,108246.35,9489.51596,1756684799999,1031806894.35133180,1366633,4573.61058000,497406888.16918830,0,114337.31850000001,101249.57405,1,15844.33382142857
2025-09-01,1756684800000,108246.36,109912.4,107255.0,109237.42,16053.60219,1756771199999,1742516638.78113520,2729384,7532.99101000,817730948.98443340,0,113792.4855,101312.72045,1,14540.163592857143
2025-09-02,1756771200000,109237.43,111771.52,108393.39,111240.01,18510.28756,1756857599999,2042681451.90163840,2596328,9088.71727000,1003032805.53679950,0,113189.1645,101381.41810000001,1,14548.427705714286
2025-09-03,1756857600000,111240.01,112575.27,110528.71,111705.71,11773.72084,1756943999999,1313762617.34366450,2214249,5539.29462000,618293676.50751790,0,112859.69549999999,101452.09835000001,1,14317.158004285713
2025-09-04,1756944000000,111705.72,112180.0,109329.12,110730.87,12203.13536,1757030399999,1349031325.53208460,2230255,6070.78151000,670681185.82571010,0,112529.1365,101525.16210000002,1,14474.137707142856
2025-09-05,1757030400000,110730.87,113384.62,110206.96,110659.99,21587.40888,1757116799999,2413132200.62332500,2970419,10787.81127000,1206066261.22720100,0,112193.103,101599.56205000001,1,14332.294625714285
2025-09-06,1757116800000,110660.0,111307.7,109977.0,110187.97,5000.29897,1757203199999,552785936.54346990,795201,2308.83297000,255237426.94601100,0,111832.251,101672.1432,1,13516.852822857143
2025-09-07,1757203200000,110187.98,111600.0,110180.0,111137.34,5681.29944,1757289599999,630447950.15886890,874961,2570.85199000,285303923.54046230,0,111577.76550000001,101744.60805,1,12972.821891428572
2025-09-08,1757289600000,111137.35,112924.37,110621.78,112065.23,11582.40211,1757375999999,1295903862.46496030,1744598,5531.65969000,618773275.35763070,0,111537.38,101813.4092,1,12334.079022857142
2025-09-09,1757376000000,112065.23,113293.29,110766.66,111546.39,15379.28248,1757462399999,1721465997.90636600,2143242,7597.38038000,849973176.17756840,0,111401.1375,101890.23125,1,11886.792582857142
2025-09-10,1757462400000,111546.38,114313.13,110917.45,113960.0,17517.41823,1757548799999,1978834750.22231150,2182534,8274.63998000,934646697.48233240,0,111474.1375,101977.2762,1,12707.32078142857
2025-09-11,1757548800000,113960.0,115488.09,113430.0,115482.69,13676.73119,1757635199999,1562241144.95654100,2166359,6744.29993000,770595422.69052130,0,111401.47249999999,102073.39964999999,1,12917.834471428572
2025-09-12,1757635200000,115482.69,116665.63,114740.99,116029.42,15324.10719,1757721599999,1772122269.50186350,2481491,7995.57276000,924775389.85693960,0,111431.04100000001,102195.78235,1,12023.077087142858
2025-09-13,1757721600000,116029.41,116298.78,115127.27,115918.29,8269.40394,1757807999999,957724220.64976110,1223635,3590.09359000,415773029.43935270,0,111552.27599999998,102331.9718,1,12490.092082857142
2025-09-14,1757808000000,115918.29,116165.19,115135.0,115268.01,6707.60197,1757894399999,775762364.96859910,1237218,3406.90777000,393977059.30354210,0,111810.07749999998,102487.0614,1,12636.70673
2025-09-15,1757894400000,115268.01,116757.99,114384.0,115349.71,13212.51149,1757980799999,1522648235.22351530,2857989,6621.36360000,763138585.68502490,0,111989.402,102640.26705,1,12869.57949857143
2025-09-16,1757980800000,115349.71,116964.27,114737.11,116788.96,10926.9094,1758067199999,1265779287.51692670,2047058,5292.18365000,613182568.99191850,0,112265.74949999999,102802.46214999999,1,12233.52620142857
2025-09-17,1758067200000,116788.96,117286.73,114720.81,116447.59,16754.2454,1758153599999,1946083704.62174570,3227418,7975.00190000,926282110.83307900,0,112459.78399999999,102954.37745000001,1,12124.501511428572
2025-09-18,1758153600000,116447.6,117900.0,116092.76,117073.53,11657.23365,1758239999999,1367513347.48650940,2252654,5717.34538000,670700552.93472770,0,112894.5905,103068.3951,1,11836.001862857143
2025-09-19,1758240000000,117073.53,117459.99,115100.0,115632.38,8992.09065,1758326399999,1045792401.45323890,1732471,4020.81483000,467345983.07867990,0,113235.393,103215.45395,1,10931.428071428572
2025-09-20,1758326400000,115632.39,116121.81,115408.47,115685.63,4674.92752,1758412799999,541264273.24168940,740451,2276.16483000,263511469.84325880,0,113607.35699999999,103357.4722,1,10417.93144
2025-09-21,1758412800000,115685.63,115819.06,115188.0,115232.29,4511.52219,1758499199999,521299751.15040960,945965,2016.72489000,233031538.74699310,0,113907.10049999999,103480.60359999999,1,10104.205757142858
2025-09-22,1758499200000,115232.29,115379.25,111800.0,112650.99,20781.71356,1758585599999,2348872511.69887510,3045876,9312.35777000,1052684266.89818760,0,113977.64950000001,103594.19909999998,1,11185.520338571429
2025-09-23,1758585600000,112650.99,113290.5,111458.73,111998.8,12301.3203,1758671999999,1383869800.27370310,2455729,5543.36090000,623665658.72003280,0,113992.304,103720.18434999998,1,11381.864752857144
2025-09-24,1758672000000,111998.8,113940.0,111042.66,113307.0,12369.25967,1758758399999,1394470628.50258200,2229837,6100.69487000,687826281.22047700,0,114121.1105,103855.6071,1,10755.43822
2025-09-25,1758758400000,113307.01,113510.23,108631.51,108994.49,21231.14957,1758844799999,2356639689.92521460,4409953,9511.07937000,1055527535.76844470,0,114037.8355,103996.90770000001,1,12123.140494285715
2025-09-26,1758844800000,108994.49,110300.0,108620.07,109643.46,14243.01591,1758931199999,1557098915.93925960,3257155,6978.29033000,762955442.75240000,0,114010.61000000002,104152.14569999998,1,12873.272674285716
2025-09-27,1758931200000,109643.46,109743.91,109064.4,109635.85,5501.78643,1759017599999,601947588.99707650,919594,2523.25886000,276080500.99419540,0,113935.5355,104285.66,1,12991.395375714286
2025-09-28,1759017600000,109635.85,112350.0,109189.99,112163.95,7542.3316,1759103999999,832254944.32033530,1484866,3781.87606000,417495757.16935000,0,113940.47149999999,104428.07914999999,1,13424.36814857143
2025-09-29,1759104000000,112163.96,114400.0,111560.65,114311.96,15541.12005,1759190399999,1755247635.87113600,2442653,7836.68768000,884934987.56875300,0,114078.75,104594.06005000001,1,12675.711932857143
2025-09-30,1759190400000,114311.97,114792.0,112656.27,114048.93,15044.15633,1759276799999,1710713267.13009550,3018331,7185.72154000,817044461.27018150,0,114083.1965,104744.3887,1,13067.545651428572
2025-10-01,1759276800000,114048.94,118649.1,113966.67,118594.99,20036.39516,1759363199999,2332096981.26593350,3430343,10071.04092000,1172422657.40651740,0,114238.81150000003,104915.67145000001,1,14162.850721428573
2025-10-02,1759363200000,118594.99,121022.07,118279.31,120529.35,19670.83503,1759449599999,2349861127.34458050,3472073,9753.07848000,1164986423.98980750,0,114463.80799999999,105105.44555,1,13939.948644285714
2025-10-03,1759449600000,120529.35,123894.99,119248.3,122232.0,23936.328,1759535999999,2907381076.68131880,4246820,11288.62355000,1372792607.61362140,0,114779.49350000001,105296.5554,1,15324.707514285712
2025-10-04,1759536000000,122232.21,122800.0,121510.0,122391.0,8208.16678,1759622399999,1002272903.34464720,1703590,3767.80335000,460154433.12366190,0,115135.643,105494.93525000001,1,15711.333278571428
2025-10-05,1759622400000,122390.99,125708.42,122136.0,123482.31,22043.097553,1759708799999,2730817470.93956400,3690670,11780.67240300,1459478400.91099630,0,115542.273,105678.1171,1,17782.87127185714
2025-10-06,1759708800000,123482.32,126199.63,123084.0,124658.54,19494.628793,1759795199999,2428828952.26531830,4206167,9963.00815300,1241625129.71771830,0,115935.75200000001,105880.29285,1,18347.658235142855
2025-10-07,1759795200000,124658.54,125126.0,120574.94,121332.95,21633.99385,1759881599999,2657405799.87054860,4390785,9699.35099000,1191947741.69890580,0,116180.02000000002,106066.51365000001,1,19289.063595142856
2025-10-08,1759881600000,121332.96,124197.25,121066.14,123306.0,17012.618,1759967999999,2084842842.44161690,4184997,9039.06222000,1107976264.69485960,0,116491.6435,106263.8407,1,18857.09542942857
2025-10-09,1759968000000,123306.01,123762.94,119651.47,121662.4,21559.36007,1760054399999,2621438087.56673310,4231167,10144.15364000,1233882833.56423890,0,116793.14450000001,106441.7402,1,19126.884720857142
2025-10-10,1760054400000,121662.41,122550.0,102000.0,112774.5,64171.93927,1760140799999,7349750905.04115730,11404522,30502.14297000,3493298452.84600770,0,116647.58800000002,106568.1219,1,24874.829188
2025-10-11,1760140800000,112774.49,113322.39,109561.59,110644.4,35448.51652,1760227199999,3961069473.23113630,6661929,15375.94796000,1718429599.56695220,0,116418.19350000001,106684.37955,1,28766.307722285714
2025-10-12,1760227200000,110644.4,115770.0,109565.06,114958.8,32255.30272,1760313599999,3638546528.74015580,6048575,16915.44533000,1907676479.17725090,0,116533.58399999999,106824.62770000001,1,30225.19417471429
2025-10-13,1760313600000,114958.81,115963.81,113616.5,115166.0,22557.24033,1760399999999,2591831660.98574920,5739352,10710.89723000,1230950583.84246650,0,116691.94399999999,106964.29765000001,1,30662.710108571428
2025-10-14,1760400000000,115166.0,115409.96,109866.0,113028.14,31870.32974,1760486399999,3578140778.80849870,7425642,14944.19197000,1677011392.63438070,0,116678.001,107107.31645,1,32125.043807142854
2025-10-15,1760486400000,113028.13,113612.35,110164.0,110763.28,22986.48811,1760572799999,2569639641.35276860,5243141,10499.31831000,1173678794.92077390,0,116766.4405,107247.89015,1,32978.45382285714
2025-10-16,1760572800000,110763.28,111982.45,107427.0,108194.28,29857.17252,1760659199999,3277596494.76191940,6127094,13126.95119000,1441416875.12637710,0,116693.9815,107376.9116,1,34163.85560142857
2025-10-17,1760659200000,108194.27,109240.0,103528.23,106431.68,37920.66838,1760745599999,4022645635.22120190,7570685,17996.99946000,1909654487.45622080,0,116533.773,107496.31995,1,30413.674045714288
2025-10-18,1760745600000,106431.68,107499.0,106322.2,107185.01,11123.18766,1760831999999,1189002999.14311300,2105450,4845.85641000,518065716.66181290,0,116284.826,107606.4533,1,26938.627065714285
2025-10-19,1760832000000,107185.0,109450.07,106103.36,108642.78,15480.66423,1760918399999,1670074079.58023430,3205640,7100.31013000,766423535.81773780,0,116001.36700000001,107737.08575,1,24542.250138571428
2025-10-20,1760918400000,108642.77,111705.56,107402.52,110532.09,19193.4416,1761004799999,2119912185.59346830,4283542,9280.50075000,1024925788.72169910,0,115825.525,107873.68075,1,24061.70746285714
2025-10-21,1761004800000,110532.09,114000.0,107473.72,108297.67,37228.01659,1761091199999,4114477849.93205410,6004063,17034.07155000,1881327751.33461280,0,115310.65899999999,107995.71975000002,1,24827.09129857143
2025-10-22,1761091200000,108297.66,109163.88,106666.69,107567.44,28610.78451,1761177599999,3090291706.44398170,5547903,13766.58861000,1487179903.59997880,0,114662.5635,108115.867,1,25630.562212857145
2025-10-23,1761177600000,107567.45,111293.61,107500.0,110078.18,17573.09294,1761263999999,1924582289.41139380,3721614,8575.33716000,938905317.70341070,0,114054.87250000001,108274.10789999999,1,23875.693701428572
2025-10-24,1761264000000,110078.19,112104.98,109700.01,111004.89,15005.16913,1761350399999,1662806764.95333240,3241022,7511.24340000,832390454.80762260,0,113485.56700000001,108433.31615,1,20602.05095142857
2025-10-25,1761350400000,111004.9,111943.19,110672.86,111646.27,6407.96864,1761436799999,714201332.97512240,1238199,3087.08660000,344113931.79994520,0,112893.76499999998,108609.93539999999,1,19928.448234285715
2025-10-26,1761436800000,111646.27,115466.8,111260.45,114559.4,13454.47737,1761523199999,1525108635.87482900,2463951,6982.18154000,791462349.35160560,0,112388.808,108769.6563,1,19638.99296857143
2025-10-27,1761523200000,114559.41,116400.0,113830.01,114107.65,21450.23241,1761609599999,2470872744.54896810,3660488,10969.70182000,1263753536.99738980,0,112027.54299999999,108942.15805,1,19961.391655714287
2025-10-28,1761609600000,114107.65,116086.0,112211.0,112898.45,15523.42257,1761695999999,1772753529.86427430,3829845,7765.31574000,887031686.01637250,0,111507.16549999997,109089.5311,1,16860.735367142857
2025-10-29,1761696000000,112898.44,113643.73,109200.0,110021.29,21079.71376,1761782399999,2356715986.53354560,4481480,10407.07233000,1163985607.35690850,0,110925.10999999999,109213.25305000001,1,15784.868117142856
2025-10-30,1761782400000,110021.3,111592.0,106304.34,108322.88,25988.82838,1761868799999,2827221287.42279770,6373451,12551.13144000,1365671836.74559240,0,110702.52900000001,109336.06745000002,1,16987.116037142856
2025-10-31,1761868800000,108322.87,111190.0,108275.28,109608.01,21518.20439,1761955199999,2361590437.94141060,5256872,10798.53938000,1185034290.92377970,0,110650.7095,109461.14959999999,1,17917.549645714284
2025-11-01,1761955200000,109608.01,110564.49,109394.81,110098.1,7378.50431,1762041599999,812389216.43467980,1994214,3406.68401000,375126956.08097220,0,110407.67450000001,109593.42015,1,18056.19759857143
2025-11-02,1762041600000,110098.1,111250.01,109471.34,110540.68,12107.00087,1762127999999,1336870531.14150130,2652188,5921.86453000,654016950.25497770,0,110176.40849999999,109725.97164999999,1,17863.700955714285
2025-11-03,1762128000000,110540.69,110750.0,105306.56,106583.04,28681.18779,1762214399999,3076006652.00156760,7074546,12847.08574000,1377869106.66817760,0,109854.15349999999,109834.14729999998,1,18896.694581428572
2025-11-04,1762214400000,106583.05,107299.0,98944.36,101497.22,50534.87376,1762300799999,5197697635.21241310,9099609,23388.99033000,2406186713.17052980,0,109390.85049999999,109919.25995,0,23898.330465714283
2025-11-05,1762300800000,101497.23,104534.74,98966.8,103885.16,33778.77571,1762387199999,3454273922.70038500,6500368,18126.84828000,1854232277.03301110,0,109175.39450000001,110013.3007,0,25712.482172857148
2025-11-06,1762387200000,103885.16,104200.0,100300.95,101346.04,25814.62139,1762473599999,2641767846.30582700,5755001,11972.54796000,1225474173.02042840,0,108921.1125,110094.13470000001,0,25687.59546
2025-11-07,1762473600000,101346.04,104096.36,99260.86,103339.08,32059.50942,1762559999999,3251112979.30588400,6335759,16056.80582000,1629564159.11657990,0,108728.81599999999,110173.24895,0,27193.49617857143
2025-11-08,1762560000000,103339.09,103406.22,101454.0,102312.94,12390.77985,1762646399999,1267165565.37527010,2743819,5862.65977000,599611355.36714670,0,108412.324,110217.59869999999,0,27909.535541428573
2025-11-09,1762646400000,102312.95,105495.62,101400.0,104722.96,16338.97096,1762732799999,1687020822.36682080,3404204,8224.94939000,849620657.08690970,0,108121.86750000001,110272.7581,0,28514.10269714286
2025-11-10,1762732800000,104722.95,106670.11,104265.02,106011.13,22682.25673,1762819199999,2400141664.38934170,4710957,11595.81944000,1226965888.74676980,0,108007.5405,110332.91140000001,0,27657.112545714288
2025-11-11,1762819200000,106011.13,107500.0,102476.09,103058.99,24196.50718,1762905599999,2532279071.00692150,5532149,10717.03395000,1121890584.19977650,0,107782.11799999999,110375.01295,0,23894.488748571428
2025-11-12,1762905600000,103059.0,105333.33,100813.59,101654.37,20457.63906,1762991999999,2108514405.26087720,5314132,10155.72095000,1047214063.13828700,0,107360.92749999999,110410.14480000001,0,21991.469227142858
2025-11-13,1762992000000,101654.37,104085.01,98000.4,99692.02,36198.50771,1763078399999,3654698026.54038050,8125404,17250.22426000,1742449117.57636070,0,106795.28400000001,110439.8584,0,23474.881558571426
2025-11-14,1763078400000,99692.03,99866.02,94012.45,94594.0,47288.14481,1763164799999,4566085156.74720680,9551025,21184.91518000,2045542286.86348350,0,105942.67050000001,110437.7725,0,25650.4009
2025-11-15,1763164800000,94594.0,96846.68,94558.49,95596.24,15110.89391,1763251199999,1449074019.06748560,4263558,7115.78198000,682358960.75404210,0,104994.5125,110444.46960000001,0,26038.98862285714
2025-11-16,1763251200000,95596.23,96635.11,93005.55,94261.44,23889.4051,1763337599999,2261295524.81733930,5141394,10828.62752000,1025540141.31118660,0,104002.202,110444.91679999999,0,27117.62207142857
2025-11-17,1763337600000,94261.45,96043.0,91220.0,92215.14,39218.59806,1763423999999,3674562070.23860600,8134322,18690.19245000,1750979467.78626070,0,102968.0365,110423.54295,0,29479.956547142854
2025-11-18,1763424000000,92215.14,93836.01,89253.78,92960.83,39835.14769,1763510399999,3641033186.30045840,8786593,20130.95957000,1841176605.14182350,0,102115.0135,110403.91140000001,0,31714.04804857143
2025-11-19,1763510400000,92960.83,92980.22,88608.0,91554.96,32286.6376,1763596799999,2925773651.25595790,6822174,15060.08451000,1365200809.17455710,0,101276.61750000001,110382.40409999999,0,33403.90498285714
2025-11-20,1763596800000,91554.96,93160.0,86100.0,86637.23,39733.19073,1763683199999,3548950335.09842180,7841395,18283.84047000,1634256490.95743210,0,100128.0785,110344.20215,0,33908.8597
2025-11-21,1763683200000,86637.22,87498.94,80600.0,85129.43,72256.12679,1763769599999,6061348756.34156410,11826480,34071.85828000,2859133223.22405230,0,98879.64499999999,110296.18089999999,0,37475.71426857143
2025-11-22,1763769600000,85129.42,85620.0,83500.0,84739.74,14193.93263,1763855999999,1197657354.96903850,4697593,6688.79428000,564562148.93739320,0,97589.598,110235.70950000001,0,37344.7198
2025-11-23,1763856000000,84739.75,88127.64,84667.57,86830.0,19734.46418,1763942399999,1708685030.27986950,5063493,10406.51703000,901210513.52044730,0,96601.946,110184.70700000001,0,36751.15681142857
2025-11-24,1763942400000,86830.0,89228.0,85272.0,88300.01,24663.12795,1764028799999,2150393686.92031830,6189156,12438.87518000,1085485389.02341670,0,95942.0855,110109.89904999999,0,34671.80393857143
2025-11-25,1764028800000,88300.01,88519.99,86116.0,87369.96,19567.0411,1764115199999,1708989000.03893710,4838747,9423.17985000,823123525.14025590,0,95116.3255,110031.8889,0,31776.360139999997
2025-11-26,1764115200000,87369.97,90656.08,86306.77,90484.02,21675.82239,1764201599999,1916851896.66996890,4668280,10883.61063000,962765375.81638320,0,94573.2245,109960.26135,0,30260.529395714286
2025-11-27,1764201600000,90484.01,91950.0,90089.91,91333.95,16833.50932,1764287999999,1535778106.57870780,3920172,8898.35835000,812005498.75948750,0,93972.96800000001,109896.34109999999,0,26989.146337142854
2025-11-28,1764288000000,91333.94,93092.0,90180.63,90890.7,18830.86012,1764374399999,1721418035.07955960,4229754,8961.64712000,820315728.91869100,0,93401.856,109836.838,0,19356.965384285715
2025-11-29,1764374400000,90890.71,91165.65,90155.47,90802.44,7429.88291,1764460799999,673725652.97876550,1677860,3359.04932000,304614219.14525830,0,92705.83,109770.3316,0,18390.672567142858
2025-11-30,1764460800000,90802.44,92000.01,90336.9,90360.0,9687.74175,1764547199999,884051773.16553380,2154030,5002.96698000,456606490.12032460,0,91923.2735,109704.5925,0,16955.426505714287
2025-12-01,1764547200000,90360.01,90417.0,83822.76,86286.01,34509.01227,1764633599999,2977024047.22316070,7709685,15524.33346000,1338718794.00131230,0,91084.6245,109617.204,0,18361.981408571428
2025-12-02,1764633600000,86286.01,92307.65,86184.39,91277.88,28210.22732,1764719999999,2519515177.66236480,6397299,13512.33949000,1206199898.29415110,0,90565.8,109556.2739,0,19596.72229714286
2025-12-03,1764720000000,91277.88,94150.0,90990.23,93429.95,25712.52585,1764806399999,2386223626.86139030,6733182,12993.19312000,1206219500.45773430,0,90252.6965,109507.7904,0,20173.39422
2025-12-04,1764806400000,93429.95,94080.0,90889.0,92078.06,19803.94059,1764892799999,1836645629.33462010,5856049,8312.69539000,770992235.20799200,0,90126.8995,109435.90940000002,0,20597.741544285713
2025-12-05,1764892800000,92078.06,92692.36,88056.0,89330.04,19792.97218,1764979199999,1788436983.81065460,5520352,8722.13995000,787809723.72132390,0,89813.5895,109354.6909,0,20735.186124285716
2025-12-06,1764979200000,89330.04,90289.97,88908.01,89236.79,8409.50016,1765065599999,753420679.80632590,2482221,4041.72834000,362232786.26957140,0,89562.35699999999,109266.6249,0,20875.13144571429
2025-12-07,1765065600000,89236.8,91760.0,87719.28,90395.31,13021.11185,1765151999999,1167866486.84552130,3953071,6370.56683000,571547237.85676710,0,89471.3655,109170.3815,0,21351.327174285714
2025-12-08,1765152000000,90395.32,92287.15,89612.0,90634.34,15793.63887,1765238399999,1436920018.89361330,5458731,7296.74328000,663654575.45218350,0,89355.041,109065.07214999999,0,18677.702402857143
2025-12-09,1765238400000,90634.35,94588.99,89500.0,92678.8,21240.43014,1765324799999,1956261065.60717330,5940223,10517.75959000,969426006.12226280,0,89411.233,108991.87465,0,17682.017091428574
2025-12-10,1765324800000,92678.81,94476.0,91563.15,92015.37,18998.68083,1765411199999,1758773276.24780480,6025707,9197.33116000,852012295.39671150,0,89680.14,108913.14195,0,16722.896374285712
2025-12-11,1765411200000,92015.38,93555.0,89260.63,92513.38,19972.58758,1765497599999,1814322119.06584890,6250438,9150.89797000,831529923.80888190,0,90049.3375,108830.68789999999,0,16746.98880142857
2025-12-12,1765497600000,92513.38,92754.0,89480.0,90268.42,16679.19169,1765583999999,1521683425.56480040,4956719,7986.68273000,728724357.38865630,0,90325.7715,108734.85605,0,16302.163017142857
2025-12-13,1765584000000,90268.43,90634.55,89766.39,90240.01,5895.70788,1765670399999,532250544.59040150,1363754,2237.98470000,202065519.49614060,0,90496.272,108641.36524999999,0,15943.049834285714
2025-12-14,1765670400000,90240.0,90472.4,87577.36,88172.17,9416.94004,1765756799999,839079130.83786510,3115749,4005.70835000,356905157.32666930,0,90489.88,108543.3172,0,15428.168147142858
2025-12-15,1765756800000,88172.16,90052.64,85146.64,86432.08,19778.6919,1765843199999,1732823429.50172870,6747167,9592.41076000,840349649.32506230,0,90442.986,108447.52885,0,15997.461437142858
2025-12-16,1765843200000,86432.08,88175.98,85266.0,87863.42,18456.05017,1765929599999,1604673428.65278360,6099692,9065.97746000,788731082.46646000,0,90311.956,108366.91855,0,15599.692869999999
2025-12-17,1765929600000,87863.43,90365.85,85314.0,86243.22,19834.11729,1766015999999,1733348496.67035940,6058638,9277.27838000,810618013.25664380,0,90057.41949999999,108275.17524999999,0,15719.040935714287
2025-12-18,1766016000000,86243.23,89477.61,84450.01,85516.41,25405.41763,1766102399999,2204223872.66964650,6946947,12668.53838000,1098646854.97003660,0,89788.70499999999,108174.54264999999,0,16495.159514285715
2025-12-19,1766102400000,85516.41,89399.97,85110.24,88136.94,21256.65004,1766188799999,1863236625.93286390,6482253,10880.14451000,953886285.36474160,0,89655.43000000001,108085.9374,0,17149.08213571429
2025-12-20,1766188800000,88136.95,88573.07,87795.76,88360.9,5123.13194,1766275199999,451919022.72775950,1174426,2456.37063000,216687645.32920050,0,89555.475,108000.85745,0,17038.714144285714
2025-12-21,1766275200000,88360.91,89081.77,87600.04,88658.86,7132.87258,1766361599999,629720971.78666510,2030666,3450.39397000,304712061.79802450,0,89674.1175,107920.66745,0,16712.41879285714
2025-12-22,1766361600000,88658.87,90588.23,87900.0,88620.79,14673.2197,1766447999999,1310235631.74792590,4847747,7269.61435000,649186791.77154220,0,89541.263,107856.228,0,15983.06562142857
2025-12-23,1766448000000,88620.79,88940.0,86601.9,87486.0,13910.32904,1766534399999,1219899607.26775480,4465080,6381.76747000,559905195.88713040,0,89244.0655,107772.2158,0,15333.676888571428
2025-12-24,1766534400000,87486.0,88049.89,86420.0,87669.45,9140.8432,1766620799999,797460526.47384620,2877239,4543.27331000,396385690.40460260,0,89023.635,107682.80230000001,0,13806.066304285714
2025-12-25,1766620800000,87669.44,88592.74,86934.72,87225.27,7096.58235,1766707199999,622970453.64976470,1992172,3390.95708000,297591128.72330410,0,88918.3965,107590.25865,0,11190.518407142856
2025-12-26,1766707200000,87225.27,89567.75,86655.08,87369.56,18344.61505,1766793599999,1616722115.63664600,4509482,8846.80613000,780464877.72490640,0,88825.035,107475.79135,0,10774.513408571427
2025-12-27,1766793600000,87369.56,87984.0,87253.05,87877.01,4469.55156,1766879999999,391274205.27443600,957536,2065.72405000,180860481.23924240,0,88699.12,107363.80445,0,10681.144782857142
2025-12-28,1766880000000,87877.0,88088.75,87435.0,87952.71,4446.29285,1766966399999,390327299.15027630,1241426,2230.75216000,195842128.18741430,0,88565.0385,107260.34240000001,0,10297.347678571428
2025-12-29,1766966400000,87952.71,90406.08,86806.5,87237.13,19894.98575,1767052799999,1762011993.03779530,4793589,10079.10102000,892298235.37550200,0,88292.955,107168.1694,0,11043.314257142858
2025-12-30,1767052800000,87237.13,89400.0,86845.66,88485.49,13105.91001,1767139199999,1155016404.47867530,3542176,6561.56089000,578303387.40254340,0,88116.461,107080.26389999999,0,10928.397252857143
2025-12-31,1767139200000,88485.5,89200.0,87250.0,87648.22,11558.62047,1767225599999,1019746835.27952680,2897396,5432.03408000,479104976.96454890,0,87873.20300000001,106991.43179999999,0,11273.794005714284
2026-01-01,1767225600000,87648.21,88919.45,87550.43,88839.04,6279.57133,1767311999999,552991635.29110020,1449281,3123.64536000,275090077.28838170,0,87801.73400000001,106907.65695,0,11157.078145714286
2026-01-02,1767312000000,88839.05,90961.81,88379.88,89995.13,17396.97301,1767398399999,1558958860.88708750,5010211,8929.35447000,800380273.96401860,0,87789.49,106823.65994999999,0,11021.70071142857
2026-01-03,1767398400000,89995.14,90741.16,89314.01,90628.01,7057.46716,1767484799999,635514773.60936550,1684214,3791.72083000,341479553.30158280,0,87912.28199999999,106754.04415000002,0,11391.40294
2026-01-04,1767484800000,90628.01,91810.0,90628.0,91529.73,10426.5297,1767571199999,952160980.52120840,2207037,5320.99389000,485918671.59201990,0,88167.1645,106687.2589,0,12245.722489999998
2026-01-05,1767571200000,91529.74,94789.08,91514.81,93859.71,20673.59584,1767657599999,1927455243.54807600,5485489,10892.96950000,1015858751.93170280,0,88466.97899999999,106633.26449999999,0,12356.952502857142
2026-01-06,1767657600000,93859.71,94444.44,91262.94,93747.97,18546.41829,1767743999999,1728045542.29837500,5018686,8108.82157000,755998193.39696320,0,88842.21650000001,106585.5144,0,13134.167971428571
2026-01-07,1767744000000,93747.97,93747.97,90675.52,91364.16,14276.49025,1767830399999,1311906952.97497360,4340252,6714.86954000,616889466.14819760,0,89134.604,106531.73515000001,0,13522.435082857144
2026-01-08,1767830400000,91364.16,91687.99,89311.0,91099.99,16132.79117,1767916799999,1460622501.20738820,4923472,8192.07574000,741768676.97519140,0,89282.7565,106482.41574999999,0,14930.03791714286
2026-01-09,1767916800000,91100.0,92082.55,89694.66,90641.28,15590.27939,1768003199999,1416907180.18704820,4155703,8512.43270000,773999739.23753360,0,89396.7755,106408.9525,0,14671.938828571427
2026-01-10,1768003200000,90641.27,90832.0,90404.0,90504.7,3104.11722,1768089599999,281321375.48029810,766357,1551.97383000,140664759.40958690,0,89489.0675,106331.061,0,14107.174551428572
2026-01-11,1768089600000,90504.7,91283.89,90236.0,91013.65,5477.13594,1768175999999,497245863.93194990,1282029,2868.36168000,260447706.80887160,0,89608.7105,106249.42635,0,13400.118300000002
2026-01-12,1768176000000,91013.66,92519.95,90128.44,91296.2,16188.08268,1768262399999,1479964862.26930640,4099509,8092.54280000,740004800.18072220,0,89799.22050000001,106171.17205,0,12759.330705714285
2026-01-13,1768262400000,91296.2,96495.0,91042.66,95414.0,23021.51482,1768348799999,2149770801.11770380,5025071,12405.23056000,1159067162.24898290,0,90186.448,106113.0041,0,13398.63021
2026-01-14,1768348800000,95413.99,97924.49,94559.28,96951.78,22851.89428,1768435199999,2201535821.64861470,5346212,11974.98829000,1154415462.59730280,0,90672.77350000001,106061.27905,0,14623.687928571428
2026-01-15,1768435200000,96951.78,97193.34,95134.48,95604.8,21725.81369,1768521599999,2093008182.84373360,4493095,10841.32767000,1045103063.11148480,0,91084.5355,105997.5184,0,15422.691145714285
2026-01-16,1768521600000,95604.81,95871.47,94293.46,95550.94,11167.7146,1768607999999,1064019408.07725140,2971559,5055.06952000,481723178.08146790,0,91468.232,105939.54060000001,0,14790.896175714286
2026-01-17,1768608000000,95550.94,95639.45,95021.67,95147.77,4280.80137,1768694399999,408161941.67190790,1020527,2059.85283000,196399075.97097010,0,91827.98500000002,105886.87375,0,14958.993911428572
2026-01-18,1768694400000,95147.77,95531.12,93615.4,93673.14,6895.17819,1768780799999,654773743.26771180,1488785,3107.35604000,295217762.82127930,0,92149.7855,105810.99145,0,15161.571375714284
2026-01-19,1768780800000,93673.14,93673.14,91910.2,92631.0,14295.52747,1768867199999,1326770336.04904700,3359066,6906.84245000,640981004.89581220,0,92357.061,105726.22255,0,14891.206345714285
2026-01-20,1768867200000,92630.99,92870.0,87895.98,88427.66,22007.3261,1768953599999,1989676668.59417830,6064031,9629.19624000,870936424.13909420,0,92396.033,105628.43965,0,14746.322242857144
2026-01-21,1768953600000,88427.66,90574.0,87263.53,89454.73,20617.50372,1769039999999,1837708115.35970330,6419053,10265.21302000,915531751.08220060,0,92426.81749999999,105534.72270000001,0,14427.12359142857
2026-01-22,1769040000000,89454.73,90359.99,88515.37,89559.67,10825.50492,1769126399999,969910623.35598860,3743412,5529.54766000,495598490.52278970,0,92405.0445,105436.50185,0,12869.936624285716
2026-01-23,1769126400000,89559.68,91224.99,88578.36,89600.26,13918.48919,1769212799999,1248772265.67884300,4619907,6911.17668000,620204414.13235400,0,92353.657,105343.18845,0,13262.904422857142
2026-01-24,1769212800000,89600.26,89957.39,89162.08,89225.34,4226.56737,1769299199999,378464146.09188120,959854,1835.96939000,164401193.43969370,0,92238.4375,105244.70025000001,0,13255.156708571429
2026-01-25,1769299200000,89225.34,89319.13,86074.72,86670.36,14426.22019,1769385599999,1264233689.84158100,3720178,6269.27657000,549304584.56739540,0,91878.97,105121.8821,0,14331.019851428573
2026-01-26,1769385600000,86670.36,88860.0,86509.63,88347.08,17766.51453,1769471999999,1560135758.98921480,4798083,9428.94206000,827914390.69498980,0,91608.92549999998,104983.5675,0,14826.875145714284
2026-01-27,1769472000000,88347.08,89523.16,87304.33,89250.0,13125.40425,1769558399999,1160026853.58950320,3787336,6722.86937000,594388596.05727970,0,91503.2175,104842.1792,0,13558.029167142857
2026-01-28,1769558400000,89249.99,90600.0,88833.65,89299.99,14332.18502,1769644799999,1283919840.85147180,4385791,7015.44336000,628761031.31513640,0,91413.2175,104701.57915,0,12660.126495714287
2026-01-29,1769644800000,89300.0,89348.0,83383.33,84650.16,30431.38201,1769731199999,2610381587.91000350,5598749,12385.58906000,1062920384.07601880,0,91113.6615,104529.39675000001,0,15460.96608
2026-01-30,1769731200000,84650.16,84735.75,81118.0,84260.49,35195.84793,1769817599999,2918624066.48183200,8998829,16749.59784000,1389486785.10668100,0,90801.451,104351.4933,0,18500.588757142858
2026-01-31,1769817600000,84260.5,84270.02,75719.9,78741.09,39491.89133,1769903999999,3155264093.62304410,7384976,17959.61358000,1435120245.98269650,0,90187.823,104156.4083,0,23538.49218
2026-02-01,1769904000000,78741.1,79424.0,75700.0,76968.21,25395.48168,1769990399999,1974920557.04738660,8001906,12031.74392000,936095742.74021720,0,89471.4235,103948.0972,0,25105.529535714286
2026-02-02,1769990400000,76968.22,79360.0,74604.0,78738.61,42273.59016,1770076799999,3260752444.46132960,10085578,21480.45115000,1658977441.22344040,0,88637.654,103745.90245,0,28606.54034
2026-02-03,1770076800000,78738.6,79186.81,72945.5,75770.21,39120.10889,1770163199999,2986903008.57479190,9199445,17304.88253000,1324119396.43603960,0,87578.5755,103535.1293,0,32320.069574285713
2026-02-04,1770163200000,75770.21,76971.52,71888.0,73165.83,38375.36,1770249599999,2852834631.53914640,10724002,17274.35569000,1284664768.82907250,0,86456.62700000001,103311.75845,0,35754.80885714286
2026-02-05,1770249600000,73165.84,73341.18,62345.0,62909.86,106298.82899,1770335999999,7198745594.28069360,15364010,49042.65006000,3325749503.03323960,0,84824.573,103039.98215000001,0,46593.015568571434
2026-02-06,1770336000000,62909.87,71751.33,60000.0,70580.26,92539.21531,1770422399999,6134056670.61150540,13228528,49477.51198000,3288426149.28068820,0,83596.1975,102805.98164999999,0,54784.925194285715
2026-02-07,1770422400000,70580.26,71690.07,67300.0,69289.38,44255.48036,1770508799999,3058983879.06915240,7167427,18766.22233000,1298989823.42944090,0,82377.0095,102552.65645,0,55465.437912857145
2026-02-08,1770508800000,69289.37,72271.41,68888.0,70330.38,21420.53168,1770595199999,1510003758.65284210,4870449,11435.75238000,805898867.28181970,0,81261.9785,102310.5284,0,54897.58791285714
2026-02-09,1770595200000,70330.38,71453.53,68308.0,70138.0,29152.72842,1770681599999,2038959539.42097760,6644769,13854.63486000,969001616.68297280,0,80347.4955,102069.51345000001,0,53023.17909285715
2026-02-10,1770681600000,70138.0,70527.59,67800.0,68841.29,20373.77072,1770767999999,1408623623.35992530,4558658,9237.21056000,638739950.25352550,0,79316.82350000001,101825.64835,0,50345.13078285714
2026-02-11,1770768000000,68841.28,69292.88,65756.0,67082.52,28718.24602,1770854399999,1930513947.54411460,6956577,14335.50997000,963903748.26948730,0,78192.96599999999,101571.461,0,48965.54307142857
2026-02-12,1770854400000,67082.52,68410.52,65118.0,66272.17,24271.74283,1770940799999,1622162145.33420660,6778280,12101.72511000,809418852.07336170,0,77026.5615,101305.7441,0,37247.387905714284
2026-02-13,1770940800000,66272.17,69482.97,65872.46,68853.96,20244.54955,1771027199999,1371286022.33005480,6450842,10425.24887000,706766540.61685410,0,76007.99250000001,101059.70229999999,0,26919.57851142857
2026-02-14,1771027200000,68853.97,70560.01,68730.13,69822.95,18114.78393,1771113599999,1260259314.36002640,3803163,7857.93423000,546756073.26494120,0,75165.622,100819.06324999999,0,23185.193307142858
2026-02-15,1771113600000,69822.94,70983.0,68000.0,68832.58,22290.05208,1771199999999,1545094572.13681450,4598633,8861.59262000,615733099.12089960,0,74189.897,100574.02464999999,0,23309.41050714286
2026-02-16,1771200000000,68832.59,70126.67,67294.11,68892.43,15515.76534,1771286399999,1062797918.25359710,5233849,8153.43140000,558909191.76749180,0,73172.01849999999,100339.6664,0,21361.272924285713
2026-02-17,1771286400000,68892.43,69241.5,66621.06,67503.52,16489.06921,1771372799999,1117987651.29481200,5994853,7538.45107000,511426190.89324030,0,72082.19499999999,100110.69435,0,20806.31556571429
2026-02-18,1771372800000,67503.52,68476.22,65870.0,66461.0,15492.43839,1771459199999,1040493524.65212360,4548997,7895.05707000,530458178.13856490,0,71172.737,99880.26759999999,0,18916.91447571429
2026-02-19,1771459200000,66461.0,67320.0,65631.83,67003.73,14542.26988,1771545599999,968863572.78215260,4679351,7106.70741000,473456223.07210710,0,70309.899,99644.24225,0,17526.98976857143
2026-02-20,1771545600000,67003.73,68318.39,66280.2,68020.01,35351.87091,1771631999999,2378079150.56784730,5044912,15001.46034000,1010970043.14524130,0,69773.845,99409.06715,0,19685.178534285715
2026-02-21,1771632000000,68020.0,68698.7,67534.69,67975.93,8032.84131,1771718399999,547592078.84719890,1593539,4003.46206000,272919692.67728000,0,69324.231,99178.29805,0,18244.90101714286
2026-02-22,1771718400000,67975.93,68245.0,67190.0,67643.4,8175.13484,1771804799999,553613335.57741360,2160900,3974.29287000,269081093.61093830,0,68769.47050000001,98941.55369999999,0,16228.484268571428
2026-02-23,1771804800000,67643.39,67684.86,63888.79,64656.02,33075.90923,1771891199999,2158158656.12151660,8268695,16388.63858000,1069328860.05896250,0,68213.761,98677.47375,0,18737.076252857143
2026-02-24,1771891200000,64656.01,65026.75,62510.28,64058.15,23102.83622,1771977599999,1469512159.71993510,7553629,11150.61026000,709235431.91769840,0,67758.37700000001,98414.3908,0,19681.90011142857
2026-02-25,1771977600000,64058.15,69988.83,63913.27,67988.04,30749.99259,1772063999999,2064089702.84443500,7096715,16382.91985000,1098904977.00827200,0,68012.286,98172.01974999999,0,21861.550711428572
2026-02-26,1772064000000,67988.04,68860.0,66500.0,67485.18,20737.77792,1772150399999,1404774665.56456080,5426137,10172.50047000,689304052.45306700,0,67857.53199999999,97912.9756,0,22746.623288571427
2026-02-27,1772150400000,67485.19,68216.8,64914.46,65872.1,21228.58424,1772236799999,1412033823.56197280,3856064,10107.20917000,671986242.52466200,0,67686.668,97648.90610000001,0,20729.010907142856
2026-02-28,1772236800000,65872.09,67760.0,63030.0,66973.26,22548.71649,1772323199999,1462864408.26156650,5268514,11531.10802000,748190390.43238220,0,67518.812,97383.102,0,22802.707361428573
2026-03-01,1772323200000,66973.26,68199.99,65056.0,65776.47,23201.85859,1772409599999,1545783742.90620010,5312013,11209.77201000,747161922.84846160,0,67300.7355,97095.45219999999,0,24949.38218285714
2026-03-02,1772409600000,65776.48,70096.0,65259.21,68830.06,32010.38431,1772495999999,2164578841.84591730,8397526,15335.91369000,1037871544.54815050,0,67300.174,96848.12705,0,24797.164337142858
2026-03-03,1772496000000,68830.06,69258.08,66158.0,68338.0,24972.2418,1772582399999,1691848669.94301820,7648119,12331.62200000,835461016.09469440,0,67362.948,96603.1068,0,25064.22227714286
2026-03-04,1772582400000,68338.01,74050.0,67400.0,72666.77,44919.0761,1772668799999,3202864447.63246060,8618302,23641.35243000,1685099057.93017800,0,67682.67799999999,96379.53735,0,27088.377064285716
2026-03-05,1772668800000,72666.77,73558.15,70645.47,70890.72,26590.51253,1772755199999,1917514690.38783410,6709160,12299.51467000,886773462.47277710,0,67784.516,96146.9659,0,27924.482008571427
2026-03-06,1772755200000,70891.02,71419.98,67744.78,68114.02,22629.88722,1772841599999,1574601198.87488800,5302899,10464.09351000,728091757.78221270,0,67699.06950000001,95906.40074999999,0,28124.66814857143
2026-03-07,1772841600000,68114.02,68551.04,66915.26,67262.91,12719.54315,1772927999999,861729861.85304880,2067476,5910.76849000,400477518.35669130,0,67620.586,95678.35059999999,0,26720.50052857143
2026-03-08,1772928000000,67262.91,68200.0,65618.49,65971.2,21593.63901,1773014399999,1447522160.31545460,3028392,11268.64926000,755732359.16967190,0,67474.5245,95436.8504,0,26490.754874285714
2026-03-09,1773014400000,65971.2,69516.65,65821.97,68432.16,28896.7213,1773100799999,1967622051.44968020,5093667,14101.45378000,960195772.91590640,0,67520.9565,95216.5112,0,26045.945872857144
2026-03-10,1773100800000,68432.16,71777.0,68391.41,69948.63,32602.57726,1773187199999,2292525621.44052050,5176064,16453.82839000,1157238967.10044540,0,67695.338,94981.57440000001,0,27135.993795714283
2026-03-11,1773187200000,69948.64,71321.0,68977.91,70191.86,27249.27542,1773273599999,1911300596.23416780,4759855,14015.31615000,982971805.59972250,0,67854.7445,94755.34345,0,24611.736555714284
2026-03-12,1773273600000,70191.86,70800.0,69205.91,70541.34,21997.1605,1773359999999,1540745224.51010620,4344059,10545.03396000,738758111.89891770,0,67980.811,94540.5822,0,23955.54340857143
2026-03-13,1773360000000,70541.34,73913.74,70386.01,70930.0,35996.61678,1773446399999,2591768526.29614710,5312490,18310.34260000,1319530652.95863130,0,68128.5145,94344.6723,0,25865.07620285714
2026-03-14,1773446400000,70930.01,71307.92,70317.0,71211.95,13017.24737,1773532799999,921308630.94627690,1661739,6242.10104000,441895405.35856250,0,68306.942,94141.91595,0,25907.60537714286
2026-03-15,1773532800000,71211.95,73199.0,70858.82,72815.24,14037.30704,1773619199999,1007334955.24365140,2509013,7307.01776000,524440519.76277650,0,68714.90299999999,93949.6821,0,24828.12938142857
2026-03-16,1773619200000,72815.25,74909.08,72270.41,74884.67,28409.53019,1773705599999,2095859511.56486360,5396482,15204.22255000,1122045159.19947890,0,69256.229,93761.27095,0,24758.53065142857
2026-03-17,1773705600000,74884.67,76000.0,73399.19,73909.36,24521.26636,1773791999999,1825976731.33267320,4863187,11791.25230000,878396858.78088600,0,69552.295,93588.93075,0,23604.05766571429
2026-03-18,1773792000000,73909.37,74672.34,70500.0,71246.54,23392.88093,1773878399999,1692949838.97774240,4733897,11709.17057000,847905482.69725620,0,69740.363,93401.0818,0,23053.14416714286
2026-03-19,1773878400000,71246.55,71613.79,68793.35,69930.0,22364.81819,1773964799999,1566573949.86041240,4972526,10489.13676000,734634623.28738830,0,69943.258,93209.50004999999,0,23105.666694285715
2026-03-20,1773964800000,69930.01,71367.0,69388.0,70510.73,18121.16745,1774051199999,1273812840.68867040,4369971,8801.41211000,618781938.22681490,0,70120.13149999999,93015.86660000001,0,20552.031075714283
2026-03-21,1774051200000,70510.73,71100.94,68571.42,68918.12,13397.1675,1774137599999,942693882.02642400,1640086,6379.69313000,449156360.93415470,0,70277.214,92804.25715,0,20606.30538
2026-03-22,1774137600000,68918.12,69588.79,67360.66,67859.0,14843.78682,1774223999999,1018926475.31969740,3269152,7292.32333000,500700088.25183490,0,70228.66100000001,92585.0236,0,20721.516777142857
2026-03-23,1774224000000,67859.0,71817.09,67445.18,70906.45,28335.09119,1774310399999,1980755169.23169410,6509730,14640.97230000,1022970775.45578170,0,70357.08350000001,92385.9015,0,20710.882634285714
2026-03-24,1774310400000,70906.45,71400.0,68923.07,70556.74,20702.42244,1774396799999,1455361229.20996450,4191328,9731.85043000,684254039.29491270,0,70251.58200000001,92185.38525,0,20165.333502857142
2026-03-25,1774396800000,70556.74,72026.09,70408.0,71336.53,17719.50066,1774483199999,1261017988.53943220,3298902,8819.77787000,627874982.89216630,0,70273.8725,91991.12805,0,19354.85060714286
2026-03-26,1774483200000,71336.53,71436.82,68153.0,68820.31,20820.45768,1774569599999,1447699734.33983910,3597702,10116.39467000,703650001.59011960,0,70309.187,91779.54290000001,0,19134.22767714286
2026-03-27,1774569600000,68820.31,69179.05,65548.25,66407.28,28603.69557,1774655999999,1917318222.70991300,4159306,14568.62853000,976680026.26568100,0,70266.4055,91551.25314999999,0,20631.73169428571
2026-03-28,1774656000000,66407.28,67288.94,65932.09,66377.03,11462.39847,1774742399999,762676255.44706050,1687368,5753.04124000,382921412.22384880,0,70286.697,91325.40635,0,20355.336118571428
2026-03-29,1774742400000,66377.04,67130.5,65000.0,66010.93,10052.85584,1774828799999,667003517.60598700,2146177,4769.42832000,316674097.35018690,0,70165.6355,91085.661,0,19670.91740714286
2026-03-30,1774828800000,66010.93,68169.65,65800.59,66797.37,18353.38975,1774915199999,1234617690.89207520,3902849,9155.91893000,615747978.85138090,0,70008.0725,90842.2344,0,18244.96005857143
2026-03-31,1774915200000,66797.38,68589.49,65998.05,68284.48,22105.40662,1775001599999,1490168487.45487460,4846820,10726.18262000,723378692.76676190,0,69912.70349999999,90603.50970000001,0,18445.38637
2026-04-01,1775001600000,68284.49,69310.0,67578.75,68113.92,19020.1899,1775087999999,1301708227.07452430,3741910,9702.49844000,664126033.92691320,0,69791.33249999999,90364.48785,0,18631.19911857143
2026-04-02,1775088000000,68113.92,68653.38,65712.12,66901.99,20203.47916,1775174399999,1349223461.52705720,4189133,10090.65620000,673815463.87575050,0,69589.932,90122.65775,0,18543.05933
2026-04-03,1775174400000,66901.99,67370.42,66282.0,66964.3,11429.13131,1775260799999,763535606.97778810,2023104,5535.26988000,369859409.32271770,0,69377.5495,89880.7307,0,16089.55015
2026-04-04,1775260800000,66964.29,67562.93,66775.91,67300.42,7373.51613,1775347199999,494932017.42324420,1356179,3701.32932000,248489879.99590240,0,69101.80850000001,89633.28799999999,0,15505.42410142857
2026-04-05,1775347200000,67300.42,69136.2,66611.66,69034.18,11733.46752,1775433599999,791661977.32345030,2106257,5791.55692000,391091472.13861220,0,68809.284,89396.22094999999,0,15745.511484285715
2026-04-06,1775433600000,69034.18,70351.46,68300.0,68853.66,20281.61044,1775519999999,1408020173.09616270,4695523,10149.79257000,704797801.63839920,0,68556.499,89155.1216,0,16020.971582857144
2026-04-07,1775520000000,68853.66,72761.0,67732.01,71924.22,23750.49661,1775606399999,1649637855.84269690,4871706,12465.18271000,866730089.23104340,0,68590.383,88936.58079999998,0,16255.984438571428
2026-04-08,1775606400000,71924.22,72857.0,70707.23,71069.93,19802.68627,1775692799999,1418484188.05212380,3843988,9570.20189000,685666276.83883080,0,68647.37950000001,88713.50230000001,0,16367.769634285713
2026-04-09,1775692800000,71069.93,73145.0,70466.0,71787.97,18158.42159,1775779199999,1300323816.00933610,3773025,9604.31771000,687990251.04316700,0,68711.2415,88496.2807,0,16075.61855285714
2026-04-10,1775779200000,71787.98,73434.0,71426.15,72962.7,17372.63288,1775865599999,1259195636.05566300,3176308,8819.74841000,639705902.50139630,0,68913.4705,88297.83925,0,16924.690205714283
2026-04-11,1775865600000,72962.71,73790.0,72513.09,73043.16,9070.94374,1775951999999,662437113.70967020,1472041,4673.47605000,341269009.99304180,0,69172.6785,88103.06105,0,17167.179864285714
2026-04-12,1775952000000,73043.16,73137.24,70505.88,70740.98,13472.46801,1776038399999,962825891.81659110,2068779,6326.31289000,451853887.81102090,0,69164.405,87890.23095000001,0,17415.608505714285
2026-04-13,1776038400000,70741.56,74900.0,70566.99,74417.99,24230.21625,1776124799999,1753370318.18416590,3673539,12639.79905000,914783773.85117860,0,69357.4675,87717.34844999999,0,17979.695050000002
2026-04-14,1776124800000,74418.0,76038.0,73795.47,74131.55,26532.94456,1776211199999,1982728989.60721990,4033448,13313.88956000,995694440.99898930,0,69497.21849999999,87539.7889,0,18377.187614285715
2026-04-15,1776211200000,74131.55,75425.0,73514.0,74809.99,14425.04167,1776297599999,1071448612.53702190,3187792,7014.01981000,521112265.17116580,0,69796.7025,87365.65960000001,0,17608.95267142857
2026-04-16,1776297600000,74809.99,75534.76,73309.85,75154.29,17088.68777,1776383999999,1274894123.74961140,3581890,8601.69794000,641950287.24821900,0,70234.053,87180.6113,0,17456.133554285712
2026-04-17,1776384000000,75154.28,78333.0,74529.4,77072.0,25941.36694,1776470399999,1987343208.84067000,4931167,14435.47730000,1106587361.00453950,0,70768.8015,86994.4115,0,18680.23842
2026-04-18,1776470400000,77072.01,77420.08,75445.16,75691.76,9141.84456,1776556799999,698008567.93400730,1941112,4333.78362000,330918112.55196630,0,71252.84300000001,86802.62565,0,18690.367108571427
2026-04-19,1776556800000,75691.76,76240.66,73762.9,73801.79,11369.82232,1776643199999,854915370.44079150,2739751,5458.61875000,410654487.05263240,0,71603.064,86578.65965,0,18389.989152857142
2026-04-20,1776643200000,73801.8,76558.62,73724.31,75840.97,16993.41034,1776729599999,1280503914.37107510,3563591,8812.70109000,664069175.96571890,0,71980.8885,86355.21775000001,0,17356.159737142858
2026-04-21,1776729600000,75840.97,76927.57,74821.57,76336.15,14912.57132,1776815999999,1132118272.55831110,3616213,7672.96288000,582659654.91385480,0,72392.0,86125.73849999999,0,15696.106417142857
2026-04-22,1776816000000,76336.14,79472.82,76132.95,78178.23,19737.51225,1776902399999,1543732085.54633380,3757077,10376.12434000,811313167.07036700,0,72955.812,85904.67465,0,16455.030785714283
2026-04-23,1776902400000,78178.22,78662.5,76960.0,78257.48,16970.79501,1776988799999,1321349698.35424610,3571796,7760.75572000,604322134.30780950,0,73520.47099999999,85678.55049999998,0,16438.188962857144
2026-04-24,1776988800000,78257.48,78581.93,77264.08,77437.13,12675.14315,1777075199999,986932564.60019650,2581973,6148.06393000,478778657.35331100,0,74027.30649999999,85442.44344999999,0,14543.014135714286
2026-04-25,1777075200000,77437.13,77885.35,77140.23,77625.0,5685.1142,1777161599999,440684004.34515350,806542,2999.85355000,232567740.81986930,0,74456.8475,85223.9037,0,14049.195512857143
2026-04-26,1777161600000,77625.0,78961.0,77326.51,78657.55,7963.56162,1777247999999,621991973.48480000,1476971,3981.86566000,311149594.60716610,0,74947.042,85000.66145,0,13562.58684142857
2026-04-27,1777248000000,78657.55,79485.66,76459.64,77371.32,16046.92418,1777334399999,1247833550.08419230,2982889,7712.53219000,600122422.59277340,0,75219.397,84779.20605000001,0,13427.374532857144
2026-04-28,1777334400000,77371.32,77478.0,75666.6,76342.77,13210.72383,1777420799999,1010412673.55502120,2352446,6518.95469000,498681416.19895180,0,75483.03899999999,84597.0474,0,13184.253462857143
2026-04-29,1777420800000,76342.78,77904.93,74937.52,75780.0,18279.93022,1777507199999,1399735858.34552810,3032890,9680.02112000,741279741.51876170,0,75682.6405,84422.7254,0,12976.02745857143
2026-04-30,1777507200000,75780.0,76669.14,75323.65,76346.57,10381.81607,1777593599999,790584591.68915400,2569480,5585.19124000,425311383.20183240,0,75851.834,84229.66425,0,12034.744752857145
2026-05-01,1777593600000,76346.58,78914.12,76320.42,78231.13,17315.46502,1777679999999,1347837835.91956420,2388458,8322.98012000,647849577.80834750,0,76111.23250000001,84044.9899,0,12697.647877142856
2026-05-02,1777680000000,78231.13,79199.48,78040.0,78686.85,6150.87642,1777766399999,482238389.44940980,936143,3297.03958000,258534491.67396600,0,76508.526,83873.28345,0,12764.185337142857
2026-05-03,1777766400000,78686.84,79447.0,78084.08,78568.57,7425.7929,1777852799999,584294330.45162860,1352474,3464.91412000,272683292.16937500,0,76716.05500000001,83712.30990000001,0,12687.361234285712
2026-05-04,1777852800000,78568.58,80776.99,78202.0,79861.01,26042.96135,1777939199999,2074174850.51143910,3734604,13351.64548000,1063054861.87825520,0,77002.528,83570.64355000001,0,14115.366544285715
2026-05-05,1777939200000,79861.01,81791.48,79808.72,80905.52,16947.17995,1778025599999,1374319029.23093610,2490930,8628.14977000,699849788.90645420,0,77307.3045,83443.01275,0,14649.145989999999
2026-05-06,1778025600000,80905.53,82850.0,80731.14,81447.01,18798.77396,1778111999999,1535650624.76124830,2794707,9976.68805000,815009074.23021350,0,77621.9405,83314.32274999999,0,14723.266524285715
2026-05-07,1778112000000,81447.01,81708.32,79500.0,80006.0,16154.80338,1778198399999,1300766382.10233390,2540329,7625.14879000,614218758.74733080,0,77768.64050000001,83171.13885,0,15547.978997142856
2026-05-08,1778198400000,80006.0,80500.0,79181.48,80193.17,16001.31009,1778284799999,1278566045.41726180,2265372,8328.38654000,665600036.19246400,0,77993.711,83019.44425,0,15360.242578571428
2026-05-09,1778284800000,80193.18,80666.66,80129.85,80408.78,1872.06616,1778371199999,150506222.19757720,269398,1031.76255000,82953514.89837880,0,78324.06049999999,82879.9998,0,14748.983970000001
